STORE_ID,LATITUDE,LONGITUDE,DAYS_OPEN,ITEM_AVAILABILITY,ZONE,BOOKMARKS
10961,34.05443955,-118.3834987,7.0,114.0,LOS ANGELES,
6891,34.2766404,-119.2140069,7.0,1789.0,LOS ANGELES,
13330,34.68909185,-118.1647598,7.0,96.0,LOS ANGELES,
12762,36.05238604,-90.5060461,7.0,65.0,JONESBORO,
6869,33.6611638,-117.3016885,7.0,117.0,LOS ANGELES,
13167,41.65876591,-70.20280049,7.0,21.0,BOSTON (MANCHESTER),
13105,42.87888581,-77.26825341,7.0,39.0,"ROCHESTER, NY",
12504,33.730939,-117.95415,7.0,109.0,LOS ANGELES,
3528,34.0198923,-118.1579305,7.0,129.0,LOS ANGELES,
6668,34.5219718,-117.2148343,7.0,125.0,LOS ANGELES,
6938,34.2492915,-116.8838359,7.0,13.0,LOS ANGELES,
770,32.7426925,-80.0383415,7.0,53.0,"CHARLESTON, SC",
3447,32.9670028,-80.2009987,7.0,130.0,"CHARLESTON, SC",
13145,31.3461515,-89.26406716,7.0,287.0,HATTIESBURG-LAUREL,
14408,32.31126676,-106.8158004,7.0,25.0,EL PASO (LAS CRUCES),
13340,27.41867711,-80.3822039,7.0,24.0,WEST PALM BEACH-FT. PIERCE,
13169,42.82304698,-71.62451652,7.0,23.0,BOSTON (MANCHESTER),
6158,33.7510161,-116.9619471,7.0,54.0,LOS ANGELES,
272,42.2760893,-71.8005772,6.0,5684.0,BOSTON (MANCHESTER),
915,42.3969161,-71.1042804,7.0,131.0,BOSTON (MANCHESTER),
375,33.775613,-117.8654174,7.0,3120.0,LOS ANGELES,
11563,33.953067,-117.396035,7.0,139.0,LOS ANGELES,
12718,36.517392,-119.556572,7.0,195.0,FRESNO-VISALIA,
10121,36.59527504,-82.21011228,7.0,58.0,"TRI-CITIES, TN-VA",
6763,33.6405904,-117.8765064,7.0,115.0,LOS ANGELES,
7156,33.813901,-118.2987956,7.0,113.0,LOS ANGELES,
12220,33.90234113,-118.343067,7.0,303.0,LOS ANGELES,
2473,37.5213068,-120.8480102,7.0,67.0,SACRAMNTO-STKTON-MODESTO,
677,42.5951838,-71.35117,7.0,49.0,BOSTON (MANCHESTER),
1031,41.6677857,-70.0811097,7.0,2.0,BOSTON (MANCHESTER),
12185,33.6863844,-117.9546828,7.0,159.0,LOS ANGELES,
3998,29.6533888,-82.4966794,7.0,88.0,GAINESVILLE,
6616,33.5808214,-112.2716532,7.0,120.0,PHOENIX (PRESCOTT),
6656,33.4138646,-111.5494851,7.0,,PHOENIX (PRESCOTT),
578,42.6123992,-70.661784,7.0,74.0,BOSTON (MANCHESTER),
6920,34.1880349,-118.4164015,7.0,150.0,LOS ANGELES,
2901,38.898614,-82.5713074,7.0,32.0,CHARLESTON-HUNTINGTON,
12734,33.9233292,-118.1514408,7.0,108.0,LOS ANGELES,
6159,34.1208264,-117.3729026,7.0,1425.0,LOS ANGELES,
918,42.3888772,-71.1189443,7.0,78.0,BOSTON (MANCHESTER),
12037,27.00729225,-82.13290098,7.0,30.0,FT. MYERS-NAPLES,
1607,33.6244888,-112.3586444,7.0,53.0,PHOENIX (PRESCOTT),
12503,33.75966469,-118.0065689,7.0,163.0,LOS ANGELES,
6909,34.013075,-117.7432621,7.0,171.0,LOS ANGELES,
15090,32.937433,-80.040806,7.0,58.0,"CHARLESTON, SC",
6426,33.7587684,-117.8239076,7.0,136.0,LOS ANGELES,
5400,37.2938554,-120.4522287,7.0,49.0,FRESNO-VISALIA,
435,42.356527,-71.0592474,7.0,32.0,BOSTON (MANCHESTER),
8383,38.02186032,-121.3234417,7.0,59.0,SACRAMNTO-STKTON-MODESTO,
12196,34.10730294,-117.3959041,7.0,1425.0,LOS ANGELES,
6944,34.0105225,-117.8863593,7.0,68.0,LOS ANGELES,
6760,36.7786641,-119.827195,7.0,61.0,FRESNO-VISALIA,
2534,37.7315495,-120.9576049,7.0,41.0,SACRAMNTO-STKTON-MODESTO,
6370,34.0343687,-117.3126607,7.0,161.0,LOS ANGELES,
4165,30.3021704,-93.2012312,7.0,41.0,LAKE CHARLES,
5382,29.6357778,-82.338986,7.0,165.0,GAINESVILLE,
8410,37.654863,-120.9565581,7.0,128.0,SACRAMNTO-STKTON-MODESTO,
11225,42.30383006,-71.07138045,7.0,125.0,BOSTON (MANCHESTER),
7688,34.0833754,-118.3536158,7.0,1242.0,LOS ANGELES,
5811,26.5900186,-80.1886399,7.0,161.0,WEST PALM BEACH-FT. PIERCE,
8509,33.63866252,-112.1686123,7.0,3856.0,PHOENIX (PRESCOTT),
203,34.1034035,-118.2584182,7.0,146.0,LOS ANGELES,
648,42.7806992,-71.0769105,7.0,70.0,BOSTON (MANCHESTER),
6593,37.9741218,-120.3429201,7.0,47.0,SACRAMNTO-STKTON-MODESTO,
185,43.2101834,-77.6039998,6.0,40.0,"ROCHESTER, NY",
8543,42.98371325,-70.94029788,7.0,43.0,BOSTON (MANCHESTER),
13946,33.63689158,-117.9224277,7.0,223.0,LOS ANGELES,
15761,46.86859131,-68.00512395,7.0,9.0,PRESQUE ISLE,
6542,38.9047332,-121.0740867,7.0,39.0,SACRAMNTO-STKTON-MODESTO,
12102,41.615403,-93.834187,7.0,273.0,DES MOINES-AMES,
5785,33.4506209,-111.805521,7.0,75.0,PHOENIX (PRESCOTT),
6428,33.9887891,-118.2896955,7.0,220.0,LOS ANGELES,
77,33.8946747,-118.2217077,4.5,128.0,LOS ANGELES,
4445,26.1302114,-81.7699716,7.0,33.0,FT. MYERS-NAPLES,
7054,37.678455,-120.958098,7.0,128.0,SACRAMNTO-STKTON-MODESTO,
6932,33.9950017,-117.9691067,7.0,113.0,LOS ANGELES,
8336,26.39591001,-80.14686896,7.0,45.0,WEST PALM BEACH-FT. PIERCE,
330,33.6164817,-117.9079652,7.0,1721.0,LOS ANGELES,
10716,33.71472014,-117.1927007,7.0,33.0,LOS ANGELES,
15176,26.66341373,-80.26845744,7.0,243.0,WEST PALM BEACH-FT. PIERCE,
12465,33.69083755,-117.339837,7.0,117.0,LOS ANGELES,
4128,41.8781934,-70.9245399,7.0,93.0,BOSTON (MANCHESTER),
9505,33.65415177,-112.1333446,7.0,76.0,PHOENIX (PRESCOTT),
7472,42.3513703,-71.0461553,7.0,43.0,BOSTON (MANCHESTER),
12598,34.05621239,-117.938439,7.0,142.0,LOS ANGELES,
1532,41.4319233,-75.6588568,7.0,23.0,WILKES BARRE-SCRANTON,
6536,34.2252745,-118.9885051,7.0,57.0,LOS ANGELES,
3852,33.4085006,-111.6320087,7.0,55.0,PHOENIX (PRESCOTT),
6864,34.0331336,-117.073662,7.0,107.0,LOS ANGELES,
6714,33.8230494,-118.3406245,7.0,72.0,LOS ANGELES,
1132,42.2755097,-71.1390029,7.0,1534.0,BOSTON (MANCHESTER),
4467,33.2923435,-111.8253252,7.0,175.0,PHOENIX (PRESCOTT),
4813,38.5433673,-82.6749248,7.0,42.0,CHARLESTON-HUNTINGTON,
1530,41.2403913,-75.8926525,7.0,5.0,WILKES BARRE-SCRANTON,
1695,41.6596928,-70.3270019,7.0,42.0,BOSTON (MANCHESTER),
1128,42.5038247,-70.9239361,7.0,150.0,BOSTON (MANCHESTER),
7196,42.5078798,-71.1596122,7.0,132.0,BOSTON (MANCHESTER),
5370,32.8591619,-79.7962713,7.0,92.0,"CHARLESTON, SC",
9442,33.39214,-111.996068,7.0,49.0,PHOENIX (PRESCOTT),
2142,34.251382,-110.0419419,7.0,22.0,PHOENIX (PRESCOTT),
6594,33.5831333,-111.9242098,7.0,114.0,PHOENIX (PRESCOTT),
11736,33.817279,-118.308398,7.0,113.0,LOS ANGELES,
6633,33.5824449,-112.1359889,7.0,77.0,PHOENIX (PRESCOTT),
1720,42.4774659,-70.9576373,7.0,67.0,BOSTON (MANCHESTER),
2900,26.4156644,-81.9003111,7.0,36.0,FT. MYERS-NAPLES,
15325,26.65164499,-80.14661931,7.0,57.0,WEST PALM BEACH-FT. PIERCE,
9699,26.758405,-80.08585697,7.0,140.0,WEST PALM BEACH-FT. PIERCE,
2777,26.9346776,-80.102252,7.0,137.0,WEST PALM BEACH-FT. PIERCE,
5440,33.8435442,-112.1362217,7.0,88.0,PHOENIX (PRESCOTT),
4435,33.9024755,-118.3608959,7.0,303.0,LOS ANGELES,
7012,36.3288744,-119.6545659,7.0,125.0,FRESNO-VISALIA,
6979,34.2505061,-118.4667103,7.0,198.0,LOS ANGELES,
7781,31.8693413,-106.4279807,7.0,47.0,EL PASO (LAS CRUCES),
15264,42.35258447,-71.06234039,7.0,29513.0,BOSTON (MANCHESTER),
830,42.4549493,-71.3568461,7.0,20.0,BOSTON (MANCHESTER),
13077,36.772173,-119.861843,7.0,144.0,FRESNO-VISALIA,
11826,34.06390165,-118.0199276,7.0,103.0,LOS ANGELES,
6745,33.9427521,-117.9939052,7.0,54.0,LOS ANGELES,
13293,37.82718634,-121.2861774,7.0,33.0,SACRAMNTO-STKTON-MODESTO,
6409,33.6545097,-117.7781541,7.0,37.0,LOS ANGELES,
8752,33.61101643,-112.219391,7.0,58.0,PHOENIX (PRESCOTT),
14002,42.63526516,-71.35528718,7.0,104.0,BOSTON (MANCHESTER),
15240,37.99040244,-121.3131159,7.0,88.0,SACRAMNTO-STKTON-MODESTO,
13259,26.84166697,-80.13522541,7.0,136.0,WEST PALM BEACH-FT. PIERCE,
11793,34.46011377,-118.51113,7.0,40.0,LOS ANGELES,
6438,42.4404048,-71.0313442,7.0,228.0,BOSTON (MANCHESTER),
10450,38.70671269,-121.2725027,7.0,114.0,SACRAMNTO-STKTON-MODESTO,
13703,29.65444165,-82.49317595,7.0,88.0,GAINESVILLE,
437,42.5828393,-71.7730762,7.0,93.0,BOSTON (MANCHESTER),
13719,32.89948755,-80.01084941,7.0,58.0,"CHARLESTON, SC",
6382,33.7957701,-118.1246118,7.0,97.0,LOS ANGELES,
10030,35.19104117,-111.6612843,7.0,84.0,PHOENIX (PRESCOTT),
6840,34.1032172,-118.3302139,7.0,308.0,LOS ANGELES,
6887,34.1602884,-118.5108822,7.0,69.0,LOS ANGELES,
767,42.3386237,-71.1072353,7.0,152.0,BOSTON (MANCHESTER),
12454,33.7977104,-112.1188133,7.0,67.0,PHOENIX (PRESCOTT),
8085,34.16919719,-118.5378556,7.0,280.0,LOS ANGELES,
9727,26.963869,-82.074739,7.0,19.0,FT. MYERS-NAPLES,
798,32.9685044,-80.1677233,7.0,130.0,"CHARLESTON, SC",
6876,34.1228366,-117.3207878,7.0,37.0,LOS ANGELES,
12312,33.07300564,-112.0448467,7.0,,PHOENIX (PRESCOTT),
2617,27.1392995,-80.2095604,7.0,86.0,WEST PALM BEACH-FT. PIERCE,
11535,42.60180495,-71.3476146,7.0,49.0,BOSTON (MANCHESTER),
11022,33.50968203,-112.0644428,7.0,70.0,PHOENIX (PRESCOTT),
3950,27.520556,-80.3977433,7.0,21.0,WEST PALM BEACH-FT. PIERCE,
10286,33.57954553,-112.2906438,7.0,14.0,PHOENIX (PRESCOTT),
2640,27.2441702,-80.8293881,7.0,23.0,WEST PALM BEACH-FT. PIERCE,
13903,41.23545856,-75.86482411,7.0,331.0,WILKES BARRE-SCRANTON,
6716,33.7815122,-117.9919837,7.0,56.0,LOS ANGELES,
6733,36.3241154,-119.2764759,7.0,80.0,FRESNO-VISALIA,
4193,26.8075081,-80.0843096,7.0,81.0,WEST PALM BEACH-FT. PIERCE,
6711,33.8741554,-118.3507605,7.0,68.0,LOS ANGELES,
13006,33.74172964,-112.3231741,7.0,116.0,PHOENIX (PRESCOTT),
12451,33.9415752,-118.0473093,7.0,89.0,LOS ANGELES,
11165,33.74232398,-111.8449973,7.0,16.0,PHOENIX (PRESCOTT),
2525,42.8756903,-71.9606029,7.0,10.0,BOSTON (MANCHESTER),
3359,32.824371,-79.8399597,7.0,151.0,"CHARLESTON, SC",
6842,34.0427798,-118.3101498,7.0,118.0,LOS ANGELES,
5322,33.7159839,-117.9896046,7.0,173.0,LOS ANGELES,
15752,42.39295568,-71.09248885,7.0,100.0,BOSTON (MANCHESTER),
12819,26.75378924,-80.93657256,7.0,31.0,FT. MYERS-NAPLES,
10234,33.5099503,-112.1347997,7.0,39.0,PHOENIX (PRESCOTT),
10673,26.60249508,-81.64429185,7.0,39.0,FT. MYERS-NAPLES,
1679,42.2453421,-70.9356395,7.0,19.0,BOSTON (MANCHESTER),
5806,26.9583944,-80.0855316,7.0,23.0,WEST PALM BEACH-FT. PIERCE,
7524,42.2767053,-71.6960525,7.0,83.0,BOSTON (MANCHESTER),
6978,34.1401385,-117.9550568,7.0,44.0,LOS ANGELES,
1138,32.7835113,-79.93634,7.0,48.0,"CHARLESTON, SC",
1537,41.0503812,-76.2446079,7.0,24.0,WILKES BARRE-SCRANTON,
1539,42.1709369,-70.8783736,7.0,15.0,BOSTON (MANCHESTER),
8093,42.32111362,-71.39541979,7.0,81.0,BOSTON (MANCHESTER),
5817,26.6687403,-81.9405752,7.0,78.0,FT. MYERS-NAPLES,
14040,33.66962659,-117.785566,7.0,115.0,LOS ANGELES,
14822,42.31301407,-71.27340216,7.0,169.0,BOSTON (MANCHESTER),
6942,33.9355741,-117.3871233,7.0,139.0,LOS ANGELES,
6896,34.1381283,-118.1021178,7.0,85.0,LOS ANGELES,
7185,33.9529936,-118.1876892,7.0,161.0,LOS ANGELES,
1250,42.2209156,-70.8004661,7.0,69.0,BOSTON (MANCHESTER),
7073,38.0011244,-121.2884751,7.0,59.0,SACRAMNTO-STKTON-MODESTO,
12254,34.12078868,-117.3145031,7.0,37.0,LOS ANGELES,
8293,26.1567126,-81.72113727,7.0,59.0,FT. MYERS-NAPLES,
6934,34.1078816,-117.8557816,7.0,68.0,LOS ANGELES,
1243,42.6551054,-71.1391886,7.0,63.0,BOSTON (MANCHESTER),
9266,26.70853543,-80.15063663,7.0,275.0,WEST PALM BEACH-FT. PIERCE,
3227,26.4089397,-80.1453879,7.0,52.0,WEST PALM BEACH-FT. PIERCE,
6692,34.5489968,-112.4789707,7.0,44.0,PHOENIX (PRESCOTT),
14740,26.71565325,-80.12409375,7.0,100.0,WEST PALM BEACH-FT. PIERCE,
10506,34.227542,-119.177318,7.0,106.0,LOS ANGELES,
7817,26.51332346,-80.0587085,7.0,152.0,WEST PALM BEACH-FT. PIERCE,
2673,27.2453525,-80.2355547,7.0,60.0,WEST PALM BEACH-FT. PIERCE,
5250,34.1234888,-118.2202245,7.0,83.0,LOS ANGELES,
7671,29.6490253,-82.3386614,7.0,80.0,GAINESVILLE,
6412,33.5721665,-117.7256115,7.0,617.0,LOS ANGELES,
10088,31.324199,-89.328499,7.0,88.0,HATTIESBURG-LAUREL,
422,42.405665,-71.0831576,7.0,200.0,BOSTON (MANCHESTER),
11971,33.88887825,-117.3249377,7.0,102.0,LOS ANGELES,
10653,38.74431947,-121.2244093,7.0,437.0,SACRAMNTO-STKTON-MODESTO,
10514,26.650799,-81.974499,7.0,78.0,FT. MYERS-NAPLES,
6959,34.0458616,-118.465912,7.0,191.0,LOS ANGELES,
6414,34.0179344,-118.1990791,7.0,86.0,LOS ANGELES,
3138,37.7739463,-120.8314997,7.0,57.0,SACRAMNTO-STKTON-MODESTO,
2770,39.9064088,-82.0193248,7.0,82.0,ZANESVILLE,
2668,26.3628749,-80.0996705,7.0,90.0,WEST PALM BEACH-FT. PIERCE,
11522,36.83777991,-119.8270964,7.0,78.0,FRESNO-VISALIA,
14378,34.03349432,-118.4498096,7.0,88.0,LOS ANGELES,
11147,33.37709868,-112.0653414,7.0,97.0,PHOENIX (PRESCOTT),
10285,34.72925898,-112.0099376,7.0,35.0,PHOENIX (PRESCOTT),
12306,34.469742,-117.364985,7.0,130.0,LOS ANGELES,
6636,38.1294875,-121.2743322,7.0,55.0,SACRAMNTO-STKTON-MODESTO,
6577,33.84724,-117.53959,7.0,85.0,LOS ANGELES,
10224,26.45832231,-80.1218016,7.0,111.0,WEST PALM BEACH-FT. PIERCE,
896,42.2255726,-71.0036473,7.0,277.0,BOSTON (MANCHESTER),
12002,34.18717327,-118.4216411,7.0,120.0,LOS ANGELES,
6605,33.4807996,-112.0296589,7.0,36455.0,PHOENIX (PRESCOTT),
4477,42.7918827,-71.1863409,7.0,82.0,BOSTON (MANCHESTER),
4186,33.6247035,-112.3931507,7.0,53.0,PHOENIX (PRESCOTT),
12219,34.07771301,-118.2575495,7.0,263.0,LOS ANGELES,
6713,33.9777631,-118.3736785,7.0,149.0,LOS ANGELES,
2500,33.7307824,-116.9711688,7.0,54.0,LOS ANGELES,
5731,36.146977,-82.8481599,7.0,26.0,"TRI-CITIES, TN-VA",
14601,34.03446054,-117.3146735,7.0,161.0,LOS ANGELES,
2780,26.4370008,-82.0778659,7.0,54.0,FT. MYERS-NAPLES,
383,33.9009564,-118.3924396,7.0,934.0,LOS ANGELES,
436,41.6680629,-70.2979817,7.0,42.0,BOSTON (MANCHESTER),
8693,26.62784949,-80.0572853,7.0,95.0,WEST PALM BEACH-FT. PIERCE,
425,33.4080795,-111.9096776,7.0,158.0,PHOENIX (PRESCOTT),
12159,36.614656,-82.173429,7.0,21.0,"TRI-CITIES, TN-VA",
6665,33.6550293,-112.4035676,7.0,53.0,PHOENIX (PRESCOTT),
2287,42.5966812,-71.5609432,7.0,21.0,BOSTON (MANCHESTER),
6762,38.0828943,-120.5600557,7.0,8.0,SACRAMNTO-STKTON-MODESTO,
1714,40.9538309,-75.9812471,7.0,38.0,WILKES BARRE-SCRANTON,
837,42.7257127,-71.184676,7.0,129.0,BOSTON (MANCHESTER),
1838,33.7423941,-116.2157416,7.0,72.0,LOS ANGELES,
1297,42.6757741,-71.1285586,7.0,64.0,BOSTON (MANCHESTER),
9692,33.72262781,-116.3907324,7.0,1542.0,LOS ANGELES,
7087,39.1465851,-121.6462243,7.0,58.0,SACRAMNTO-STKTON-MODESTO,
15468,33.58284498,-112.0136009,7.0,40.0,PHOENIX (PRESCOTT),
15601,42.33602475,-71.0365349,7.0,233.0,BOSTON (MANCHESTER),
912,42.1853277,-71.8577707,7.0,30.0,BOSTON (MANCHESTER),
12286,41.33211733,-75.95577419,7.0,73.0,WILKES BARRE-SCRANTON,
10714,34.24822262,-118.4481709,7.0,226.0,LOS ANGELES,
10085,33.801989,-116.45862,7.0,109.0,LOS ANGELES,
6455,26.2744506,-81.688351,7.0,79.0,FT. MYERS-NAPLES,
11520,30.30111977,-93.19425044,7.0,41.0,LAKE CHARLES,
11615,31.877608,-106.42214,7.0,125.0,EL PASO (LAS CRUCES),
7088,36.8381859,-119.6904512,7.0,95.0,FRESNO-VISALIA,
15785,42.5198017,-71.10152338,7.0,54.0,BOSTON (MANCHESTER),
12900,42.88456926,-71.32468366,7.0,96.0,BOSTON (MANCHESTER),
6854,34.2204451,-118.587612,7.0,533.0,LOS ANGELES,
1675,42.3831554,-71.1813343,7.0,52.0,BOSTON (MANCHESTER),
15137,26.61860238,-80.14609158,7.0,161.0,WEST PALM BEACH-FT. PIERCE,
3191,33.9887682,-118.2571391,7.0,93.0,LOS ANGELES,
8091,42.2813624,-71.37648106,7.0,985.0,BOSTON (MANCHESTER),
6434,33.9736244,-118.2330176,7.0,1399.0,LOS ANGELES,
13858,42.58137377,-71.11289706,7.0,29.0,BOSTON (MANCHESTER),
3030,36.4188675,-82.9925729,7.0,28.0,"TRI-CITIES, TN-VA",
8982,42.08882344,-71.04484517,7.0,214.0,BOSTON (MANCHESTER),
15346,36.63933145,-82.57919684,7.0,9.0,"TRI-CITIES, TN-VA",
6917,34.4051253,-118.4669613,7.0,99.0,LOS ANGELES,
8117,33.57346815,-111.8624911,7.0,50.0,PHOENIX (PRESCOTT),
8096,34.47169127,-117.2415816,7.0,71.0,LOS ANGELES,
6547,33.5708899,-117.2350009,7.0,184.0,LOS ANGELES,
10084,34.120473,-117.194676,7.0,112.0,LOS ANGELES,
8771,26.78304486,-80.05557863,7.0,113.0,WEST PALM BEACH-FT. PIERCE,
6393,33.6851578,-117.9894674,7.0,215.0,LOS ANGELES,
12904,33.93431777,-118.1241838,7.0,103.0,LOS ANGELES,
483,42.5811179,-71.2876529,7.0,85.0,BOSTON (MANCHESTER),
14354,31.99820874,-106.587271,7.0,14.0,EL PASO (LAS CRUCES),
3974,26.2443961,-81.7699453,7.0,61.0,FT. MYERS-NAPLES,
11616,42.12067335,-70.91564265,7.0,45.0,BOSTON (MANCHESTER),
1245,33.789027,-118.320716,7.0,74.0,LOS ANGELES,
911,42.2503021,-71.7796051,7.0,90.0,BOSTON (MANCHESTER),
1126,42.4833838,-71.1863469,7.0,651.0,BOSTON (MANCHESTER),
8450,42.34879312,-71.08268043,7.0,129.0,BOSTON (MANCHESTER),
12016,41.261679,-75.8967,7.0,65.0,WILKES BARRE-SCRANTON,
6688,33.6742826,-111.97447,7.0,63.0,PHOENIX (PRESCOTT),
11159,37.3609854,-120.5946793,7.0,71.0,FRESNO-VISALIA,
9337,29.65246107,-82.31037368,7.0,22.0,GAINESVILLE,
12250,33.37689211,-112.1690538,7.0,416.0,PHOENIX (PRESCOTT),
6679,33.391214,-112.072564,7.0,97.0,PHOENIX (PRESCOTT),
9396,33.71509697,-118.023509,7.0,173.0,LOS ANGELES,
3985,26.5293959,-80.0586875,7.0,152.0,WEST PALM BEACH-FT. PIERCE,
644,42.3540986,-71.0592945,7.0,22.0,BOSTON (MANCHESTER),
12973,36.54534521,-119.3960722,7.0,350.0,FRESNO-VISALIA,
7509,42.8329274,-71.6446418,7.0,23.0,BOSTON (MANCHESTER),
6667,35.0191455,-114.5973441,7.0,23.0,PHOENIX (PRESCOTT),
10921,34.12797765,-116.3952894,7.0,49.0,LOS ANGELES,
6927,33.7809534,-117.8682679,7.0,3120.0,LOS ANGELES,
13824,31.65104467,-106.2677952,7.0,50.0,EL PASO (LAS CRUCES),
14620,34.0480756,-118.2504132,7.0,66.0,LOS ANGELES,
13238,43.22330741,-77.65959602,7.0,66.0,"ROCHESTER, NY",
15886,42.56692808,-77.71470432,7.0,6.0,"ROCHESTER, NY",
14330,33.37839127,-111.6008159,7.0,84.0,PHOENIX (PRESCOTT),
11564,33.983007,-118.098214,7.0,151.0,LOS ANGELES,
8095,42.40996412,-71.14871323,7.0,65.0,BOSTON (MANCHESTER),
6654,34.1771233,-119.2149151,7.0,135.0,LOS ANGELES,
10449,33.87217884,-118.0816218,7.0,200.0,LOS ANGELES,
9890,38.47488559,-121.451328,7.0,139.0,SACRAMNTO-STKTON-MODESTO,
6528,38.4095456,-121.3540306,7.0,111.0,SACRAMNTO-STKTON-MODESTO,
3850,33.3930712,-111.7371986,7.0,66.0,PHOENIX (PRESCOTT),
6666,37.6480331,-121.0321346,7.0,58.0,SACRAMNTO-STKTON-MODESTO,
6883,34.0884515,-117.9579379,7.0,131.0,LOS ANGELES,
6100,33.3061257,-111.7563424,7.0,,PHOENIX (PRESCOTT),
7448,43.1855999,-70.8752616,7.0,65.0,BOSTON (MANCHESTER),
3848,34.2051167,-118.5353538,7.0,190.0,LOS ANGELES,
5281,34.475678,-114.346539,7.0,42.0,PHOENIX (PRESCOTT),
10509,33.65390685,-112.168231,7.0,3856.0,PHOENIX (PRESCOTT),
8180,34.0116313,-118.1169662,7.0,1660.0,LOS ANGELES,
7356,34.0705221,-117.1394352,7.0,96.0,LOS ANGELES,
11034,31.78256805,-106.4066783,7.0,85.0,EL PASO (LAS CRUCES),
10453,41.601199,-93.559199,7.0,50.0,DES MOINES-AMES,
15114,33.80991316,-117.2248837,7.0,130.0,LOS ANGELES,
2518,34.5733844,-118.0440864,7.0,106.0,LOS ANGELES,
14476,34.52189078,-117.3298092,7.0,93.0,LOS ANGELES,
7479,33.6381168,-111.927377,7.0,114.0,PHOENIX (PRESCOTT),
10451,33.53705904,-112.2383998,7.0,33.0,PHOENIX (PRESCOTT),
2455,26.4531753,-80.1463067,7.0,58.0,WEST PALM BEACH-FT. PIERCE,
700,43.0469967,-71.4357805,7.0,30.0,BOSTON (MANCHESTER),
1124,41.6941821,-70.1505109,7.0,7.0,BOSTON (MANCHESTER),
1272,42.3428162,-71.1226725,7.0,87.0,BOSTON (MANCHESTER),
1544,41.0833375,-76.8618713,7.0,50.0,WILKES BARRE-SCRANTON,
15252,32.80477932,-79.88871241,7.0,151.0,"CHARLESTON, SC",
14125,37.76431987,-120.8532864,7.0,57.0,SACRAMNTO-STKTON-MODESTO,
1684,42.3314169,-71.1950724,7.0,24.0,BOSTON (MANCHESTER),
548,42.5244486,-71.1032127,7.0,54.0,BOSTON (MANCHESTER),
3798,38.5816423,-121.2834854,7.0,102.0,SACRAMNTO-STKTON-MODESTO,
9607,26.56235328,-82.00608269,7.0,91.0,FT. MYERS-NAPLES,
10123,33.7470527,-116.9580515,7.0,80.0,LOS ANGELES,
496,42.3786084,-71.2230379,7.0,30.0,BOSTON (MANCHESTER),
8314,33.543699,-111.905599,7.0,50.0,PHOENIX (PRESCOTT),
1937,42.1164834,-71.8643673,7.0,22.0,BOSTON (MANCHESTER),
1088,42.4322103,-71.4543792,7.0,270.0,BOSTON (MANCHESTER),
3259,38.3468312,-81.6231317,7.0,6.0,CHARLESTON-HUNTINGTON,
3101,42.3557327,-71.1501432,7.0,227.0,BOSTON (MANCHESTER),
4418,26.6300278,-81.940238,7.0,97.0,FT. MYERS-NAPLES,
14294,36.70605256,-119.5739474,7.0,319.0,FRESNO-VISALIA,
9094,33.75482644,-111.9904124,7.0,246.0,PHOENIX (PRESCOTT),
13918,36.31370758,-119.7814959,7.0,550.0,FRESNO-VISALIA,
4972,33.9962207,-118.4782553,7.0,805.0,LOS ANGELES,
11713,41.62819168,-93.61726618,7.0,30.0,DES MOINES-AMES,
11350,33.94602816,-118.3301911,7.0,71.0,LOS ANGELES,
5464,32.7911783,-79.9890759,7.0,100.0,"CHARLESTON, SC",
12347,42.40416248,-71.08075059,7.0,200.0,BOSTON (MANCHESTER),
9235,33.56803719,-112.1336215,7.0,72.0,PHOENIX (PRESCOTT),
6764,33.6228325,-117.6954576,7.0,1691.0,LOS ANGELES,
6923,34.1236109,-118.0565212,7.0,52.0,LOS ANGELES,
13076,36.80797194,-119.682648,7.0,95.0,FRESNO-VISALIA,
486,42.2528193,-70.9878363,7.0,226.0,BOSTON (MANCHESTER),
9344,26.62912665,-80.08816837,7.0,121.0,WEST PALM BEACH-FT. PIERCE,
6922,34.2294707,-118.9991628,7.0,57.0,LOS ANGELES,
9192,33.21857937,-111.7884772,7.0,81.0,PHOENIX (PRESCOTT),
1186,30.1692631,-93.2499556,7.0,118.0,LAKE CHARLES,
2569,31.3252049,-89.3282173,7.0,88.0,HATTIESBURG-LAUREL,
6847,34.2807819,-118.7411182,7.0,166.0,LOS ANGELES,
9696,33.63095318,-112.0290465,7.0,155.0,PHOENIX (PRESCOTT),
6410,33.8899484,-118.1430803,7.0,1164.0,LOS ANGELES,
7690,34.1832538,-118.7846657,7.0,203.0,LOS ANGELES,
7661,41.6640217,-70.2876622,7.0,42.0,BOSTON (MANCHESTER),
8815,43.30113023,-70.97182322,7.0,56.0,BOSTON (MANCHESTER),
8638,41.585499,-93.624799,7.0,39.0,DES MOINES-AMES,
8194,42.52499289,-70.92613985,7.0,137.0,BOSTON (MANCHESTER),
13210,30.22710403,-93.32486112,7.0,71.0,LAKE CHARLES,
12656,33.01273398,-80.23727048,7.0,128.0,"CHARLESTON, SC",
15855,42.31316978,-71.05669584,7.0,214.0,BOSTON (MANCHESTER),
1546,41.4180575,-75.6339959,7.0,23.0,WILKES BARRE-SCRANTON,
10225,26.51279963,-80.09090314,7.0,118.0,WEST PALM BEACH-FT. PIERCE,
3452,38.8447123,-82.2340935,7.0,27.0,CHARLESTON-HUNTINGTON,
1015,43.194588,-71.5289033,7.0,70.0,BOSTON (MANCHESTER),
13313,26.724862,-81.905533,7.0,42.0,FT. MYERS-NAPLES,
11172,33.59673148,-112.1533909,7.0,45.0,PHOENIX (PRESCOTT),
14307,27.30183498,-80.30539671,7.0,93.0,WEST PALM BEACH-FT. PIERCE,
5126,41.3783107,-75.6932768,7.0,1557.0,WILKES BARRE-SCRANTON,
11394,26.62265673,-81.94125571,7.0,97.0,FT. MYERS-NAPLES,
13212,43.0680498,-77.60914804,7.0,173.0,"ROCHESTER, NY",
1264,42.5429265,-71.7608958,7.0,82.0,BOSTON (MANCHESTER),
10204,26.75324949,-80.05660105,7.0,140.0,WEST PALM BEACH-FT. PIERCE,
14695,32.02861778,-102.0839427,7.0,122.0,ODESSA-MIDLAND,
10254,34.16540553,-117.2844311,7.0,158.0,LOS ANGELES,
5103,33.8476405,-118.1933559,7.0,244.0,LOS ANGELES,
11001,26.37372386,-81.80734956,7.0,25.0,FT. MYERS-NAPLES,
6381,33.964899,-118.3508518,7.0,123.0,LOS ANGELES,
14259,33.71587377,-118.0421353,7.0,99.0,LOS ANGELES,
1949,42.7212139,-70.9931763,7.0,15.0,BOSTON (MANCHESTER),
9437,37.31797158,-120.4676686,7.0,66.0,FRESNO-VISALIA,
11970,33.538804,-112.11602,7.0,72.0,PHOENIX (PRESCOTT),
3056,34.0685338,-118.3443245,7.0,232.0,LOS ANGELES,
13142,42.52418445,-71.75937088,7.0,82.0,BOSTON (MANCHESTER),
6778,33.7895539,-118.1750755,7.0,94.0,LOS ANGELES,
3337,27.1717531,-80.2917743,7.0,67.0,WEST PALM BEACH-FT. PIERCE,
6388,33.8579467,-118.1063242,7.0,69.0,LOS ANGELES,
11954,33.7006185,-116.2942487,7.0,76.0,LOS ANGELES,
15555,34.10186957,-118.3398829,7.0,308.0,LOS ANGELES,
426,36.0806644,-119.069675,7.0,97.0,FRESNO-VISALIA,
14227,33.60856403,-112.3584274,7.0,542.0,PHOENIX (PRESCOTT),
3220,34.0445669,-117.9631125,7.0,165.0,LOS ANGELES,
6899,39.1449971,-121.5923017,7.0,59.0,SACRAMNTO-STKTON-MODESTO,
9720,33.653331,-112.3702168,7.0,53.0,PHOENIX (PRESCOTT),
702,42.2751665,-71.6101798,7.0,38.0,BOSTON (MANCHESTER),
7729,31.7749618,-106.25272,7.0,194.0,EL PASO (LAS CRUCES),
6877,34.1110626,-118.1891516,7.0,152.0,LOS ANGELES,
729,42.3497068,-71.1068801,7.0,124.0,BOSTON (MANCHESTER),
2810,26.4948349,-81.9358349,7.0,94.0,FT. MYERS-NAPLES,
1308,42.3338168,-71.0761938,7.0,143.0,BOSTON (MANCHESTER),
6874,34.0702166,-118.3610785,7.0,232.0,LOS ANGELES,
352,34.0650084,-117.5819788,7.0,5049.0,LOS ANGELES,
3673,34.1058877,-117.806322,7.0,87.0,LOS ANGELES,
8250,37.73832321,-121.4504758,7.0,98.0,SACRAMNTO-STKTON-MODESTO,
6136,34.1218157,-117.2079596,7.0,112.0,LOS ANGELES,
13362,34.2784871,-118.8829607,7.0,70.0,LOS ANGELES,
10142,38.5479357,-121.4549783,7.0,40.0,SACRAMNTO-STKTON-MODESTO,
3839,42.6546334,-77.0565363,7.0,15.0,"ROCHESTER, NY",
13206,32.937901,-111.757544,7.0,,PHOENIX (PRESCOTT),
8338,42.37528646,-71.25063625,7.0,82.0,BOSTON (MANCHESTER),
11014,34.0626242,-118.347998,7.0,232.0,LOS ANGELES,
11812,33.50854165,-112.339193,7.0,167.0,PHOENIX (PRESCOTT),
1533,41.3374374,-75.9627435,7.0,73.0,WILKES BARRE-SCRANTON,
959,42.0763098,-72.0362147,7.0,35.0,BOSTON (MANCHESTER),
3573,26.3798812,-81.8087419,7.0,25.0,FT. MYERS-NAPLES,
12392,26.65064924,-80.21030262,7.0,243.0,WEST PALM BEACH-FT. PIERCE,
13389,43.21581712,-70.88188418,7.0,65.0,BOSTON (MANCHESTER),
2972,36.3046825,-82.3404841,7.0,67.0,"TRI-CITIES, TN-VA",
7127,38.6772869,-121.1978068,7.0,110.0,SACRAMNTO-STKTON-MODESTO,
6810,33.5156281,-117.7555708,7.0,65.0,LOS ANGELES,
952,43.1212025,-77.5922086,7.0,42.0,"ROCHESTER, NY",
586,42.1209301,-70.917109,7.0,45.0,BOSTON (MANCHESTER),
5852,26.6187029,-81.7690463,7.0,80.0,FT. MYERS-NAPLES,
8092,42.28104682,-71.23588599,7.0,25.0,BOSTON (MANCHESTER),
8871,33.69925667,-111.8893276,7.0,87.0,PHOENIX (PRESCOTT),
4413,33.4945647,-112.1004529,7.0,78.0,PHOENIX (PRESCOTT),
2868,36.8601536,-82.7836335,7.0,8.0,"TRI-CITIES, TN-VA",
1704,41.6847008,-69.9680743,7.0,10.0,BOSTON (MANCHESTER),
6950,34.0304673,-118.1235146,7.0,1660.0,LOS ANGELES,
6651,33.6090969,-111.7237839,7.0,49.0,PHOENIX (PRESCOTT),
7742,34.1207524,-117.4544458,7.0,283.0,LOS ANGELES,
1842,42.1914705,-71.1962327,7.0,83.0,BOSTON (MANCHESTER),
7529,42.3717189,-71.1568272,7.0,112.0,BOSTON (MANCHESTER),
10977,42.20220903,-70.9464279,7.0,276.0,BOSTON (MANCHESTER),
8225,42.48613504,-70.96011001,7.0,67.0,BOSTON (MANCHESTER),
6815,33.8737522,-117.8905708,7.0,111.0,LOS ANGELES,
14756,42.6636852,-71.30307326,7.0,49.0,BOSTON (MANCHESTER),
10324,33.83277715,-118.1159108,7.0,69.0,LOS ANGELES,
15187,26.3683976,-80.20082098,7.0,45.0,WEST PALM BEACH-FT. PIERCE,
11723,26.6973574,-81.89984653,7.0,42.0,FT. MYERS-NAPLES,
15656,32.78751918,-79.92877703,7.0,48.0,"CHARLESTON, SC",
11628,34.63138607,-118.2194371,7.0,180.0,LOS ANGELES,
10053,26.80704739,-80.05529604,7.0,174.0,WEST PALM BEACH-FT. PIERCE,
6157,34.1884956,-119.1766242,7.0,106.0,LOS ANGELES,
7226,41.0166674,-75.8977347,7.0,47.0,WILKES BARRE-SCRANTON,
4138,36.7348429,-119.7191194,7.0,135.0,FRESNO-VISALIA,
11709,34.19847507,-119.1955105,7.0,106.0,LOS ANGELES,
6721,38.6799855,-121.227574,7.0,810.0,SACRAMNTO-STKTON-MODESTO,
10369,33.93932616,-117.9688692,7.0,185.0,LOS ANGELES,
11771,34.49503905,-118.626298,7.0,456.0,LOS ANGELES,
7955,27.58774979,-80.43015251,7.0,37.0,WEST PALM BEACH-FT. PIERCE,
15460,38.796013,-121.327467,7.0,133.0,SACRAMNTO-STKTON-MODESTO,
13825,34.037319,-118.148111,7.0,1091.0,LOS ANGELES,
1548,41.2328481,-75.9198765,7.0,35.0,WILKES BARRE-SCRANTON,
6758,38.8774486,-121.2947327,7.0,96.0,SACRAMNTO-STKTON-MODESTO,
3272,34.5073524,-117.3474624,7.0,130.0,LOS ANGELES,
5318,33.3922429,-111.9258865,7.0,158.0,PHOENIX (PRESCOTT),
7541,33.712915,-112.1779513,7.0,44.0,PHOENIX (PRESCOTT),
182,33.3771987,-112.0467521,7.0,97.0,PHOENIX (PRESCOTT),
12022,26.33154136,-81.76314551,7.0,67.0,FT. MYERS-NAPLES,
9029,31.76770869,-106.2854734,7.0,218.0,EL PASO (LAS CRUCES),
13699,33.57721965,-117.7239154,7.0,617.0,LOS ANGELES,
6863,33.7151745,-116.2298156,7.0,107.0,LOS ANGELES,
13662,33.39349573,-111.8558494,7.0,95.0,PHOENIX (PRESCOTT),
431,42.2077091,-70.9564447,7.0,276.0,BOSTON (MANCHESTER),
1181,41.9924302,-76.5285825,7.0,17.0,WILKES BARRE-SCRANTON,
469,27.4703361,-80.3352799,7.0,13.0,WEST PALM BEACH-FT. PIERCE,
6567,38.6760064,-121.7846311,7.0,56.0,SACRAMNTO-STKTON-MODESTO,
6689,33.8662783,-112.1358957,7.0,88.0,PHOENIX (PRESCOTT),
2531,38.2157814,-122.1413398,7.0,93.0,SACRAMNTO-STKTON-MODESTO,
10131,42.50078803,-94.16257526,7.0,35.0,DES MOINES-AMES,
3640,27.0175711,-82.0518025,7.0,25.0,FT. MYERS-NAPLES,
11154,38.49630669,-121.4821029,7.0,75.0,SACRAMNTO-STKTON-MODESTO,
6855,34.0618316,-118.020713,7.0,103.0,LOS ANGELES,
3114,26.572632,-80.0888047,7.0,106.0,WEST PALM BEACH-FT. PIERCE,
1040,42.8637241,-71.4940315,7.0,67.0,BOSTON (MANCHESTER),
7101,38.4554458,-121.8236106,7.0,39.0,SACRAMNTO-STKTON-MODESTO,
6861,33.7422899,-116.3054543,7.0,51.0,LOS ANGELES,
10719,32.90934766,-111.7580105,7.0,,PHOENIX (PRESCOTT),
9343,26.9335234,-80.12579812,7.0,137.0,WEST PALM BEACH-FT. PIERCE,
4060,33.3358384,-111.8756294,7.0,99.0,PHOENIX (PRESCOTT),
7588,42.2278237,-71.522226,7.0,290.0,BOSTON (MANCHESTER),
9302,34.13994555,-117.9858489,7.0,95.0,LOS ANGELES,
6955,33.8476919,-117.8880073,7.0,112.0,LOS ANGELES,
2774,26.7089464,-81.7223379,7.0,80.0,FT. MYERS-NAPLES,
14305,36.60450788,-119.4403592,7.0,37.0,FRESNO-VISALIA,
11293,33.86120386,-118.1430942,7.0,1474.0,LOS ANGELES,
871,42.5024468,-71.4204726,7.0,40.0,BOSTON (MANCHESTER),
10153,33.40727987,-111.6680301,7.0,55.0,PHOENIX (PRESCOTT),
9605,27.63852582,-80.44630793,7.0,35.0,WEST PALM BEACH-FT. PIERCE,
6860,34.0633226,-118.0898719,7.0,1277.0,LOS ANGELES,
10215,31.67982173,-106.3115186,7.0,67.0,EL PASO (LAS CRUCES),
8559,33.65452893,-112.0302354,7.0,63.0,PHOENIX (PRESCOTT),
7627,34.0976417,-118.3648741,7.0,1242.0,LOS ANGELES,
6965,33.9184659,-117.9958725,7.0,108.0,LOS ANGELES,
14009,27.6890529,-80.41273861,7.0,45.0,WEST PALM BEACH-FT. PIERCE,
929,42.359469,-71.4282761,7.0,350.0,BOSTON (MANCHESTER),
3139,38.576915,-121.4839556,7.0,,SACRAMNTO-STKTON-MODESTO,
10533,34.063943,-118.291847,7.0,124.0,LOS ANGELES,
10165,36.34316522,-119.6556972,7.0,125.0,FRESNO-VISALIA,
6806,33.6472453,-117.6880795,7.0,1691.0,LOS ANGELES,
8573,42.26112368,-71.82131997,7.0,45.0,BOSTON (MANCHESTER),
14526,33.63614444,-117.6826012,7.0,1691.0,LOS ANGELES,
13898,42.77557644,-71.44524917,7.0,78.0,BOSTON (MANCHESTER),
10965,36.95216996,-120.0732018,7.0,47.0,FRESNO-VISALIA,
6971,34.1338672,-117.907997,7.0,142.0,LOS ANGELES,
10815,36.30751636,-82.34260488,7.0,67.0,"TRI-CITIES, TN-VA",
1134,42.2892415,-71.4099913,7.0,102.0,BOSTON (MANCHESTER),
12735,33.592051,-117.660523,7.0,95.0,LOS ANGELES,
1915,41.9509009,-70.687899,7.0,139.0,BOSTON (MANCHESTER),
2715,26.4631046,-81.831103,7.0,94.0,FT. MYERS-NAPLES,
669,42.3097858,-71.2156787,7.0,8.0,BOSTON (MANCHESTER),
10713,26.57251926,-80.09070927,7.0,106.0,WEST PALM BEACH-FT. PIERCE,
11084,38.45222968,-121.3729318,7.0,111.0,SACRAMNTO-STKTON-MODESTO,
6670,34.1225876,-117.1940234,7.0,112.0,LOS ANGELES,
1904,42.2830978,-71.3751079,7.0,985.0,BOSTON (MANCHESTER),
6538,34.0795214,-117.890937,7.0,45.0,LOS ANGELES,
4024,33.6843048,-117.1879588,7.0,131.0,LOS ANGELES,
9441,32.3418233,-106.7736646,7.0,55.0,EL PASO (LAS CRUCES),
6351,34.1543651,-114.2764768,7.0,14.0,PHOENIX (PRESCOTT),
6397,33.7606783,-117.85303,7.0,98.0,LOS ANGELES,
3687,39.9535906,-82.009973,7.0,82.0,ZANESVILLE,
13209,30.18375,-93.218281,7.0,118.0,LAKE CHARLES,
13826,34.14044006,-118.1320562,7.0,3607.0,LOS ANGELES,
424,33.7999647,-111.9644356,7.0,14.0,PHOENIX (PRESCOTT),
10933,33.96637828,-118.3527899,7.0,123.0,LOS ANGELES,
6405,33.8216827,-118.186044,7.0,77.0,LOS ANGELES,
8549,27.31734542,-80.37104088,7.0,116.0,WEST PALM BEACH-FT. PIERCE,
7130,36.5196413,-119.5581643,7.0,195.0,FRESNO-VISALIA,
7125,34.263314,-118.5248033,7.0,122.0,LOS ANGELES,
3963,34.1073822,-118.0531474,7.0,436.0,LOS ANGELES,
6915,38.2914374,-122.0332466,7.0,2193.0,SACRAMNTO-STKTON-MODESTO,
12231,42.32723762,-71.79240088,7.0,50.0,BOSTON (MANCHESTER),
8719,30.212399,-93.180299,7.0,1843.0,LAKE CHARLES,
9258,26.25102275,-81.80046422,7.0,25.0,FT. MYERS-NAPLES,
10850,36.20693608,-119.3476687,7.0,131.0,FRESNO-VISALIA,
13802,36.35697327,-119.3315467,7.0,90.0,FRESNO-VISALIA,
655,29.6515464,-82.3713357,7.0,101.0,GAINESVILLE,
8828,31.74452641,-106.286682,7.0,218.0,EL PASO (LAS CRUCES),
1241,42.6102603,-70.8731986,7.0,17.0,BOSTON (MANCHESTER),
11401,34.098505,-118.308737,7.0,173.0,LOS ANGELES,
2672,26.4352822,-81.7706154,7.0,430.0,FT. MYERS-NAPLES,
8672,42.346978,-71.509234,7.0,96.0,BOSTON (MANCHESTER),
12850,36.2265025,-119.3257219,7.0,131.0,FRESNO-VISALIA,
4454,34.0906947,-118.0156354,7.0,103.0,LOS ANGELES,
15435,42.48388415,-70.89954414,7.0,35.0,BOSTON (MANCHESTER),
4502,33.3783182,-112.167348,7.0,416.0,PHOENIX (PRESCOTT),
1551,41.5372785,-75.9465784,7.0,21.0,WILKES BARRE-SCRANTON,
571,42.3606348,-71.0705067,7.0,91.0,BOSTON (MANCHESTER),
10635,26.44655936,-80.06757157,7.0,41.0,WEST PALM BEACH-FT. PIERCE,
6366,34.1800288,-118.9538655,7.0,93.0,LOS ANGELES,
6974,34.13724,-118.188786,7.0,83.0,LOS ANGELES,
6943,33.8860065,-117.8640635,7.0,121.0,LOS ANGELES,
473,42.28401,-71.1575537,7.0,77.0,BOSTON (MANCHESTER),
6873,34.0620302,-118.3081121,7.0,22.0,LOS ANGELES,
1281,42.1501233,-71.4999674,7.0,67.0,BOSTON (MANCHESTER),
6431,34.1086443,-117.7377172,7.0,112.0,LOS ANGELES,
2579,33.3358899,-111.8252649,7.0,175.0,PHOENIX (PRESCOTT),
7899,33.56634455,-112.0641393,7.0,66.0,PHOENIX (PRESCOTT),
1699,42.0886619,-71.41514,7.0,64.0,BOSTON (MANCHESTER),
6664,33.4952302,-112.2196334,7.0,60.0,PHOENIX (PRESCOTT),
6525,36.7373611,-119.7934101,7.0,14.0,FRESNO-VISALIA,
14411,39.0474184,-82.63214624,7.0,22.0,CHARLESTON-HUNTINGTON,
2979,36.1695092,-82.8128076,7.0,23.0,"TRI-CITIES, TN-VA",
6880,34.1335018,-118.1478342,7.0,35.0,LOS ANGELES,
13989,34.21765246,-119.159221,7.0,106.0,LOS ANGELES,
7289,31.7618929,-106.3541974,7.0,85.0,EL PASO (LAS CRUCES),
3159,34.0987651,-118.1179827,7.0,95.0,LOS ANGELES,
933,42.4890462,-71.2725406,7.0,22.0,BOSTON (MANCHESTER),
15200,34.0983,-118.327275,7.0,308.0,LOS ANGELES,
10946,33.62301004,-112.34138,7.0,315.0,PHOENIX (PRESCOTT),
10447,33.70793056,-117.9885109,7.0,173.0,LOS ANGELES,
5792,33.4954085,-111.918015,7.0,168.0,PHOENIX (PRESCOTT),
10011,25.93460291,-81.6993682,7.0,25.0,FT. MYERS-NAPLES,
2652,29.6271293,-82.3732699,7.0,165.0,GAINESVILLE,
8875,27.632799,-80.389699,7.0,43.0,WEST PALM BEACH-FT. PIERCE,
11366,27.76857356,-80.44530251,7.0,46.0,WEST PALM BEACH-FT. PIERCE,
8946,26.58904143,-80.14796453,7.0,161.0,WEST PALM BEACH-FT. PIERCE,
6694,33.4653138,-112.0734396,7.0,34.0,PHOENIX (PRESCOTT),
13088,34.27977282,-118.7443218,7.0,166.0,LOS ANGELES,
6749,38.7443442,-121.1698756,7.0,437.0,SACRAMNTO-STKTON-MODESTO,
11174,42.62638417,-71.32230813,7.0,104.0,BOSTON (MANCHESTER),
3115,37.7409525,-121.4512421,7.0,98.0,SACRAMNTO-STKTON-MODESTO,
6972,34.0525318,-118.3705286,7.0,114.0,LOS ANGELES,
8430,42.34496274,-71.54884278,7.0,96.0,BOSTON (MANCHESTER),
7565,42.1126011,-72.0886178,7.0,93.0,BOSTON (MANCHESTER),
13380,37.71009738,-121.4340207,7.0,63.0,SACRAMNTO-STKTON-MODESTO,
1255,41.3710993,-75.7356037,7.0,68.0,WILKES BARRE-SCRANTON,
10927,26.80889124,-80.08299188,7.0,81.0,WEST PALM BEACH-FT. PIERCE,
14533,26.98717125,-82.10747822,7.0,69.0,FT. MYERS-NAPLES,
15234,42.3574238,-71.05905181,7.0,32.0,BOSTON (MANCHESTER),
12530,34.760652,-112.454583,7.0,30.0,PHOENIX (PRESCOTT),
7978,42.05796665,-71.86729934,7.0,35.0,BOSTON (MANCHESTER),
1691,42.0680802,-70.8106735,7.0,52.0,BOSTON (MANCHESTER),
7043,33.6356767,-117.9204148,7.0,223.0,LOS ANGELES,
8606,42.03760367,-92.91160249,7.0,40.0,DES MOINES-AMES,
8991,33.48065165,-112.0470378,7.0,36455.0,PHOENIX (PRESCOTT),
57,33.4068235,-111.9404461,1.0,158.0,PHOENIX (PRESCOTT),
420,42.762841,-71.0402124,7.0,70.0,BOSTON (MANCHESTER),
6717,33.6741633,-117.9533657,7.0,159.0,LOS ANGELES,
11060,30.168399,-93.265899,7.0,118.0,LAKE CHARLES,
990,42.5188193,-71.757773,7.0,82.0,BOSTON (MANCHESTER),
12139,33.76880144,-116.9580561,7.0,51.0,LOS ANGELES,
15281,32.78573027,-79.93606527,7.0,48.0,"CHARLESTON, SC",
14640,33.64308534,-117.597748,7.0,114.0,LOS ANGELES,
3098,26.4561996,-80.1209182,7.0,58.0,WEST PALM BEACH-FT. PIERCE,
1620,33.6093622,-117.6856049,7.0,99.0,LOS ANGELES,
11145,31.88991087,-102.353363,7.0,140.0,ODESSA-MIDLAND,
13748,27.12482798,-80.25175767,7.0,86.0,WEST PALM BEACH-FT. PIERCE,
6885,34.0643397,-118.2493274,7.0,139.0,LOS ANGELES,
1504,38.0132058,-78.5030889,7.0,49.0,CHARLOTTESVILLE,
854,42.0698286,-70.9475283,7.0,182.0,BOSTON (MANCHESTER),
2749,26.6546323,-80.0555442,7.0,55.0,WEST PALM BEACH-FT. PIERCE,
1879,42.5702038,-71.9925645,7.0,35.0,BOSTON (MANCHESTER),
11111,34.20038929,-118.5343387,7.0,190.0,LOS ANGELES,
1522,40.9654651,-76.616631,7.0,25.0,WILKES BARRE-SCRANTON,
11268,33.48140859,-112.2038968,7.0,60.0,PHOENIX (PRESCOTT),
3333,26.2498591,-81.8030068,7.0,25.0,FT. MYERS-NAPLES,
15166,38.596567,-121.2886775,7.0,102.0,SACRAMNTO-STKTON-MODESTO,
14898,37.96053653,-121.2724367,7.0,30.0,SACRAMNTO-STKTON-MODESTO,
8240,33.37773992,-111.9533756,7.0,123.0,PHOENIX (PRESCOTT),
1529,41.0303802,-76.3458414,7.0,54.0,WILKES BARRE-SCRANTON,
307,32.7796829,-79.9312721,6.0,48.0,"CHARLESTON, SC",
2741,38.4269747,-82.3978543,7.0,7.0,CHARLESTON-HUNTINGTON,
6820,34.0525534,-118.2419713,7.0,139.0,LOS ANGELES,
462,33.5771572,-111.9268181,7.0,156.0,PHOENIX (PRESCOTT),
13298,42.23953322,-71.84298176,7.0,40.0,BOSTON (MANCHESTER),
9274,33.41253333,-111.5469645,7.0,,PHOENIX (PRESCOTT),
11594,33.85559373,-117.5700351,7.0,164.0,LOS ANGELES,
14867,42.24580852,-71.36914712,7.0,17.0,BOSTON (MANCHESTER),
6389,33.6490731,-117.5760903,7.0,83.0,LOS ANGELES,
3262,36.5599212,-82.5527795,7.0,49.0,"TRI-CITIES, TN-VA",
8419,42.2985937,-71.4233067,7.0,81.0,BOSTON (MANCHESTER),
6396,33.9447508,-118.2447133,7.0,80.0,LOS ANGELES,
1116,42.5868978,-70.9649894,7.0,719.0,BOSTON (MANCHESTER),
6529,33.6857152,-116.2670963,7.0,107.0,LOS ANGELES,
79,42.2978833,-71.3919556,2.0,985.0,BOSTON (MANCHESTER),
11118,38.61597489,-121.3291944,7.0,1362.0,SACRAMNTO-STKTON-MODESTO,
6808,33.8320162,-118.0708408,7.0,134.0,LOS ANGELES,
9288,33.61301803,-117.712515,7.0,74.0,LOS ANGELES,
6798,33.8424079,-118.1840332,7.0,77.0,LOS ANGELES,
8917,33.21884707,-111.8595467,7.0,61.0,PHOENIX (PRESCOTT),
1125,42.3899962,-71.1438304,7.0,134.0,BOSTON (MANCHESTER),
6858,34.2241395,-118.3984966,7.0,581.0,LOS ANGELES,
3631,33.9339736,-117.2801952,7.0,161.0,LOS ANGELES,
8384,33.39192366,-111.7359091,7.0,66.0,PHOENIX (PRESCOTT),
12564,42.78144941,-71.07812585,7.0,70.0,BOSTON (MANCHESTER),
3081,38.7783103,-121.2901959,7.0,117.0,SACRAMNTO-STKTON-MODESTO,
3671,34.0505223,-117.1795095,7.0,66.0,LOS ANGELES,
9882,29.62996473,-82.42180202,7.0,165.0,GAINESVILLE,
6921,33.8988771,-117.5439523,7.0,542.0,LOS ANGELES,
1249,42.565868,-70.9353144,7.0,719.0,BOSTON (MANCHESTER),
2819,33.4664848,-111.9866226,7.0,132.0,PHOENIX (PRESCOTT),
4539,39.0377233,-80.463897,7.0,15.0,CLARKSBURG-WESTON,
3890,43.2860681,-77.7899945,7.0,30.0,"ROCHESTER, NY",
920,41.7878682,-69.9923008,7.0,7.0,BOSTON (MANCHESTER),
6914,36.6299341,-119.6792951,7.0,41.0,FRESNO-VISALIA,
10909,27.2578262,-80.37463159,7.0,202.0,WEST PALM BEACH-FT. PIERCE,
14154,38.41805947,-82.45696277,7.0,67.0,CHARLESTON-HUNTINGTON,
14838,33.90442259,-117.4737153,7.0,131.0,LOS ANGELES,
13364,27.43173007,-80.3264117,7.0,26.0,WEST PALM BEACH-FT. PIERCE,
882,42.4808495,-70.9020223,7.0,35.0,BOSTON (MANCHESTER),
6829,34.1580231,-118.6347952,7.0,68.0,LOS ANGELES,
6565,36.2254859,-119.3269454,7.0,131.0,FRESNO-VISALIA,
1646,26.6150424,-81.6538061,7.0,39.0,FT. MYERS-NAPLES,
1050,42.4258865,-71.6881925,7.0,311.0,BOSTON (MANCHESTER),
8454,26.61125682,-81.87123157,7.0,56.0,FT. MYERS-NAPLES,
11303,26.51318674,-81.90126199,7.0,94.0,FT. MYERS-NAPLES,
3084,26.8818012,-80.0563244,7.0,174.0,WEST PALM BEACH-FT. PIERCE,
3860,33.2754844,-111.8770268,7.0,61.0,PHOENIX (PRESCOTT),
7119,36.7707255,-119.8644346,7.0,144.0,FRESNO-VISALIA,
6862,34.2057614,-118.2210926,7.0,48.0,LOS ANGELES,
14360,33.35761599,-112.4264553,7.0,128.0,PHOENIX (PRESCOTT),
1945,42.2203218,-71.6979253,7.0,16.0,BOSTON (MANCHESTER),
5606,32.9140453,-80.106521,7.0,43.0,"CHARLESTON, SC",
7029,33.6668915,-117.2640293,7.0,80.0,LOS ANGELES,
9303,33.55252821,-112.1694909,7.0,61.0,PHOENIX (PRESCOTT),
4264,33.043343,-80.1204244,7.0,128.0,"CHARLESTON, SC",
10573,33.49585705,-111.9874441,7.0,105.0,PHOENIX (PRESCOTT),
1713,42.3494081,-71.1564095,7.0,227.0,BOSTON (MANCHESTER),
6958,33.873051,-117.9412844,7.0,62.0,LOS ANGELES,
12470,34.16517341,-118.3695066,7.0,245.0,LOS ANGELES,
1536,41.2536897,-77.0439678,7.0,77.0,WILKES BARRE-SCRANTON,
13700,36.9740603,-120.0811136,7.0,47.0,FRESNO-VISALIA,
6911,34.1526571,-118.4542171,7.0,84.0,LOS ANGELES,
12246,33.435218,-112.555741,7.0,117.0,PHOENIX (PRESCOTT),
9504,33.62174152,-111.8745682,7.0,103.0,PHOENIX (PRESCOTT),
14399,38.36513497,-81.64671269,7.0,30.0,CHARLESTON-HUNTINGTON,
11064,33.41589397,-111.6314682,7.0,79.0,PHOENIX (PRESCOTT),
10962,33.78921072,-117.9924861,7.0,56.0,LOS ANGELES,
8431,26.2130079,-81.72997275,7.0,74.0,FT. MYERS-NAPLES,
8838,33.88875436,-117.8412509,7.0,121.0,LOS ANGELES,
841,42.3845852,-70.9991664,7.0,188.0,BOSTON (MANCHESTER),
10026,33.30735001,-111.7721252,7.0,,PHOENIX (PRESCOTT),
8466,33.41463315,-111.5812698,7.0,,PHOENIX (PRESCOTT),
10717,33.684392,-117.206669,7.0,131.0,LOS ANGELES,
6811,33.8875012,-118.2505609,7.0,128.0,LOS ANGELES,
8302,42.76767966,-71.2172966,7.0,82.0,BOSTON (MANCHESTER),
8021,26.35962681,-80.13695581,7.0,156.0,WEST PALM BEACH-FT. PIERCE,
5602,33.7513184,-79.4466639,7.0,39.0,"CHARLESTON, SC",
1687,42.2032534,-71.0048778,7.0,277.0,BOSTON (MANCHESTER),
3051,26.3628572,-80.1368907,7.0,156.0,WEST PALM BEACH-FT. PIERCE,
13252,41.99074991,-70.97435146,7.0,554.0,BOSTON (MANCHESTER),
9730,27.3128513,-80.40091277,7.0,72.0,WEST PALM BEACH-FT. PIERCE,
10912,36.73537023,-119.7356448,7.0,135.0,FRESNO-VISALIA,
13007,33.76222184,-116.2985807,7.0,51.0,LOS ANGELES,
6444,33.4475256,-112.0746249,7.0,21.0,PHOENIX (PRESCOTT),
6824,33.7693247,-118.3669221,7.0,44.0,LOS ANGELES,
2728,25.9545108,-81.7259218,7.0,25.0,FT. MYERS-NAPLES,
10731,34.01971431,-117.593843,7.0,5049.0,LOS ANGELES,
5601,42.3454207,-71.0957779,7.0,124.0,BOSTON (MANCHESTER),
6777,34.2592565,-119.2094861,7.0,1789.0,LOS ANGELES,
2010,32.8338216,-80.0443672,7.0,130.0,"CHARLESTON, SC",
6729,33.8946747,-118.2217077,7.0,128.0,LOS ANGELES,
1694,42.0625547,-71.2486744,7.0,35.0,BOSTON (MANCHESTER),
6980,34.2853843,-118.7084145,7.0,138.0,LOS ANGELES,
6990,36.8078547,-119.7084868,7.0,69.0,FRESNO-VISALIA,
12766,33.800874,-116.519728,7.0,29.0,LOS ANGELES,
999,33.6582424,-118.0022677,7.0,215.0,LOS ANGELES,
7439,31.7758527,-106.5025725,7.0,34.0,EL PASO (LAS CRUCES),
13398,29.70202723,-82.38845768,7.0,62.0,GAINESVILLE,
14443,38.85155734,-121.2880117,7.0,96.0,SACRAMNTO-STKTON-MODESTO,
9483,34.17210609,-118.3352334,7.0,102.0,LOS ANGELES,
13481,36.3777798,-82.40683777,7.0,67.0,"TRI-CITIES, TN-VA",
13136,34.24507127,-116.8829452,7.0,13.0,LOS ANGELES,
4328,36.4842688,-82.5034882,7.0,18.0,"TRI-CITIES, TN-VA",
1764,42.2411556,-70.8908213,7.0,43.0,BOSTON (MANCHESTER),
8133,33.555699,-117.176738,7.0,197.0,LOS ANGELES,
616,42.1395978,-71.1460345,7.0,55.0,BOSTON (MANCHESTER),
3996,38.6174953,-121.4008819,7.0,73.0,SACRAMNTO-STKTON-MODESTO,
199,34.6939585,-118.170688,7.0,180.0,LOS ANGELES,
6613,38.3437641,-120.770284,7.0,43.0,SACRAMNTO-STKTON-MODESTO,
13274,38.66210145,-120.9702471,7.0,50.0,SACRAMNTO-STKTON-MODESTO,
11848,33.81747056,-118.0450056,7.0,127.0,LOS ANGELES,
6406,33.8880957,-118.0993989,7.0,224.0,LOS ANGELES,
11941,33.27718177,-111.7196513,7.0,73.0,PHOENIX (PRESCOTT),
879,42.4806653,-71.1509323,7.0,132.0,BOSTON (MANCHESTER),
2492,38.2544692,-121.2966993,7.0,52.0,SACRAMNTO-STKTON-MODESTO,
9669,27.37476309,-80.32540192,7.0,54.0,WEST PALM BEACH-FT. PIERCE,
10712,31.99443174,-102.0999288,7.0,88.0,ODESSA-MIDLAND,
9909,41.600899,-93.793399,7.0,273.0,DES MOINES-AMES,
6719,33.5951819,-117.6569603,7.0,95.0,LOS ANGELES,
7771,31.8399666,-106.578176,7.0,21.0,EL PASO (LAS CRUCES),
9085,42.97997142,-71.47718738,7.0,79.0,BOSTON (MANCHESTER),
4501,33.2930708,-111.7220139,7.0,,PHOENIX (PRESCOTT),
4197,42.649711,-71.3044032,7.0,49.0,BOSTON (MANCHESTER),
7066,33.8928482,-117.7738166,7.0,99.0,LOS ANGELES,
6137,42.3011894,-71.2930369,7.0,17.0,BOSTON (MANCHESTER),
6871,34.6904668,-118.1121764,7.0,156.0,LOS ANGELES,
14071,42.275997,-71.02731013,7.0,56.0,BOSTON (MANCHESTER),
319,33.5817632,-117.7252875,7.0,617.0,LOS ANGELES,
9517,26.06293128,-81.69993311,7.0,45.0,FT. MYERS-NAPLES,
6904,33.9419865,-118.0284435,7.0,119.0,LOS ANGELES,
8918,33.3927916,-111.8066091,7.0,9625.0,PHOENIX (PRESCOTT),
3675,33.4367854,-111.7010068,7.0,57.0,PHOENIX (PRESCOTT),
6865,34.4718919,-117.3659067,7.0,130.0,LOS ANGELES,
5758,33.5982441,-117.1769317,7.0,184.0,LOS ANGELES,
9639,42.98173494,-71.44761019,7.0,93.0,BOSTON (MANCHESTER),
14696,32.00152906,-102.1357766,7.0,57.0,ODESSA-MIDLAND,
12760,40.989312,-75.216795,7.0,91.0,WILKES BARRE-SCRANTON,
1712,42.2195926,-71.1876929,7.0,174.0,BOSTON (MANCHESTER),
11905,32.9524958,-80.16197862,7.0,130.0,"CHARLESTON, SC",
908,42.3203617,-71.6430002,7.0,47.0,BOSTON (MANCHESTER),
1680,42.1946114,-70.7249316,7.0,42.0,BOSTON (MANCHESTER),
1520,40.8113431,-76.8569162,7.0,24.0,WILKES BARRE-SCRANTON,
11184,31.72945202,-106.3483766,7.0,58.0,EL PASO (LAS CRUCES),
6833,34.0393942,-118.144863,7.0,1091.0,LOS ANGELES,
10031,33.58138324,-112.2542888,7.0,120.0,PHOENIX (PRESCOTT),
7937,33.748434,-116.906003,7.0,80.0,LOS ANGELES,
3999,26.7099479,-80.2055074,7.0,275.0,WEST PALM BEACH-FT. PIERCE,
1541,40.951887,-76.4605139,7.0,3.0,WILKES BARRE-SCRANTON,
11714,41.73902638,-93.59942928,7.0,73.0,DES MOINES-AMES,
4814,38.4016031,-82.5776654,7.0,15.0,CHARLESTON-HUNTINGTON,
1693,41.9233316,-70.5694873,7.0,139.0,BOSTON (MANCHESTER),
7668,31.7839561,-106.4259563,7.0,17.0,EL PASO (LAS CRUCES),
14206,34.09040846,-118.3380866,7.0,140.0,LOS ANGELES,
5810,26.5157757,-81.8980509,7.0,94.0,FT. MYERS-NAPLES,
950,43.149177,-77.5541501,7.0,26.0,"ROCHESTER, NY",
8864,33.61147921,-112.11189,7.0,72.0,PHOENIX (PRESCOTT),
12816,32.42556421,-111.0778189,7.0,,PHOENIX (PRESCOTT),
12736,36.06630047,-119.0264702,7.0,97.0,FRESNO-VISALIA,
3156,33.3047029,-111.9448434,7.0,86.0,PHOENIX (PRESCOTT),
545,42.3519698,-71.5344676,7.0,96.0,BOSTON (MANCHESTER),
5531,33.0187765,-80.0877835,7.0,131.0,"CHARLESTON, SC",
6625,37.6686249,-120.9916037,7.0,106.0,SACRAMNTO-STKTON-MODESTO,
12980,42.67788935,-71.13343972,7.0,64.0,BOSTON (MANCHESTER),
10468,34.10591542,-117.8283486,7.0,87.0,LOS ANGELES,
7004,33.9830779,-117.7332139,7.0,171.0,LOS ANGELES,
11794,33.36411589,-111.6351605,7.0,79.0,PHOENIX (PRESCOTT),
7109,38.7608623,-121.3112667,7.0,133.0,SACRAMNTO-STKTON-MODESTO,
9996,26.58461094,-80.05157892,7.0,106.0,WEST PALM BEACH-FT. PIERCE,
6676,38.5750918,-121.4158851,7.0,84.0,SACRAMNTO-STKTON-MODESTO,
10229,38.70461707,-121.3629237,7.0,78.0,SACRAMNTO-STKTON-MODESTO,
10469,34.088508,-117.908557,7.0,89.0,LOS ANGELES,
10181,26.38568579,-80.07610106,7.0,90.0,WEST PALM BEACH-FT. PIERCE,
12903,33.39262828,-112.1329743,7.0,123.0,PHOENIX (PRESCOTT),
1549,41.4694649,-75.6087604,7.0,19.0,WILKES BARRE-SCRANTON,
6543,34.3436624,-119.0806285,7.0,67.0,LOS ANGELES,
11158,31.8639595,-102.397376,7.0,56.0,ODESSA-MIDLAND,
6859,34.4702947,-117.2934667,7.0,165.0,LOS ANGELES,
1542,41.0164603,-76.8553846,7.0,14.0,WILKES BARRE-SCRANTON,
1721,42.3630915,-71.0555571,7.0,54.0,BOSTON (MANCHESTER),
9503,33.49367697,-111.9082367,7.0,168.0,PHOENIX (PRESCOTT),
4804,37.6680458,-82.2762151,7.0,,CHARLESTON-HUNTINGTON,
2685,42.3471281,-71.068255,7.0,129.0,BOSTON (MANCHESTER),
12265,33.88817602,-117.8638441,7.0,121.0,LOS ANGELES,
11132,41.55854932,-93.76999412,7.0,69.0,DES MOINES-AMES,
1101,42.167929,-71.3540927,7.0,145.0,BOSTON (MANCHESTER),
6867,34.0901347,-118.3760522,7.0,157.0,LOS ANGELES,
6866,34.3002296,-118.4427223,7.0,222.0,LOS ANGELES,
6905,34.0341225,-118.6948417,7.0,50.0,LOS ANGELES,
5803,27.5867761,-80.4299573,7.0,37.0,WEST PALM BEACH-FT. PIERCE,
6657,33.6532783,-112.255633,7.0,92.0,PHOENIX (PRESCOTT),
8472,42.06364848,-71.0161114,7.0,214.0,BOSTON (MANCHESTER),
752,42.5335452,-71.744176,7.0,82.0,BOSTON (MANCHESTER),
2526,38.4543544,-121.3700657,7.0,66.0,SACRAMNTO-STKTON-MODESTO,
171,34.4152924,-118.4746261,6.0,95.0,LOS ANGELES,
7508,38.4336775,-82.1241225,7.0,13.0,CHARLESTON-HUNTINGTON,
9664,33.49532859,-112.0295908,7.0,36455.0,PHOENIX (PRESCOTT),
70,42.9934661,-71.4626347,2.5,26.0,BOSTON (MANCHESTER),
14039,33.9850005,-118.2241983,7.0,1399.0,LOS ANGELES,
6903,34.1967689,-119.196342,7.0,106.0,LOS ANGELES,
9156,33.58135372,-112.1855087,7.0,57.0,PHOENIX (PRESCOTT),
9007,33.47996338,-112.0035245,7.0,105.0,PHOENIX (PRESCOTT),
10578,41.67324755,-93.6986484,7.0,380.0,DES MOINES-AMES,
8149,42.5193112,-70.8944937,7.0,150.0,BOSTON (MANCHESTER),
275,33.9551132,-118.1306462,7.0,5528.0,LOS ANGELES,
14610,34.5072583,-117.3988528,7.0,93.0,LOS ANGELES,
7242,32.3170013,-106.7800004,7.0,55.0,EL PASO (LAS CRUCES),
4460,33.7150622,-117.8684135,7.0,131.0,LOS ANGELES,
6776,33.8255429,-117.9927157,7.0,188.0,LOS ANGELES,
12111,34.069512,-117.173,7.0,96.0,LOS ANGELES,
3205,27.4683713,-80.3344998,7.0,93.0,WEST PALM BEACH-FT. PIERCE,
530,42.9647076,-71.44443,7.0,93.0,BOSTON (MANCHESTER),
1519,41.7529694,-70.5974198,7.0,29.0,BOSTON (MANCHESTER),
2763,26.7067996,-80.2298222,7.0,275.0,WEST PALM BEACH-FT. PIERCE,
10422,34.2076098,-118.6055108,7.0,80.0,LOS ANGELES,
4131,26.963931,-82.0725689,7.0,19.0,FT. MYERS-NAPLES,
12331,34.56735061,-112.4829304,7.0,44.0,PHOENIX (PRESCOTT),
732,32.7416497,-79.9355659,7.0,102.0,"CHARLESTON, SC",
8119,35.828902,-90.677117,7.0,156.0,JONESBORO,
1678,42.1527375,-71.4046209,7.0,32.0,BOSTON (MANCHESTER),
10914,33.76043284,-117.8512256,7.0,98.0,LOS ANGELES,
874,42.2576266,-71.823315,7.0,45.0,BOSTON (MANCHESTER),
14008,34.15618595,-118.483823,7.0,34.0,LOS ANGELES,
6623,33.6115295,-117.7141534,7.0,16.0,LOS ANGELES,
15409,35.82903337,-90.66784054,7.0,156.0,JONESBORO,
12539,43.1261689,-77.59345003,7.0,57.0,"ROCHESTER, NY",
1677,42.3282273,-71.4336964,7.0,81.0,BOSTON (MANCHESTER),
11582,33.748831,-117.810781,7.0,136.0,LOS ANGELES,
1305,42.066506,-70.869084,7.0,106.0,BOSTON (MANCHESTER),
1304,42.1003913,-71.0346872,7.0,214.0,BOSTON (MANCHESTER),
10957,33.35180744,-111.4571962,7.0,,PHOENIX (PRESCOTT),
12543,34.13848748,-117.4528112,7.0,283.0,LOS ANGELES,
6966,33.861516,-117.7400862,7.0,59.0,LOS ANGELES,
4456,33.847147,-118.0102374,7.0,123.0,LOS ANGELES,
1046,41.9890603,-70.9740562,7.0,554.0,BOSTON (MANCHESTER),
6856,34.087335,-117.9061343,7.0,89.0,LOS ANGELES,
15315,38.64383567,-121.457864,7.0,77.0,SACRAMNTO-STKTON-MODESTO,
907,42.2843109,-71.7920417,7.0,5684.0,BOSTON (MANCHESTER),
1682,29.5994278,-82.4217075,7.0,165.0,GAINESVILLE,
604,42.4475925,-71.2268632,7.0,16.0,BOSTON (MANCHESTER),
6383,33.8309718,-118.2795216,7.0,146.0,LOS ANGELES,
1696,41.5779354,-70.5584353,7.0,33.0,BOSTON (MANCHESTER),
14049,42.35410087,-71.1369205,7.0,736.0,BOSTON (MANCHESTER),
6690,34.137013,-117.2535575,7.0,120.0,LOS ANGELES,
3844,33.8476246,-118.1605061,7.0,1474.0,LOS ANGELES,
1924,38.3424604,-81.6640546,7.0,32.0,CHARLESTON-HUNTINGTON,
5823,26.4973384,-80.1464346,7.0,64.0,WEST PALM BEACH-FT. PIERCE,
9879,26.89793791,-82.03096105,7.0,37.0,FT. MYERS-NAPLES,
5242,32.9833251,-80.0918024,7.0,316.0,"CHARLESTON, SC",
4541,33.3487375,-111.929311,7.0,32.0,PHOENIX (PRESCOTT),
8995,41.644499,-93.737399,7.0,48.0,DES MOINES-AMES,
12444,36.42608979,-82.31568675,7.0,18.0,"TRI-CITIES, TN-VA",
6423,33.7368329,-118.0062574,7.0,173.0,LOS ANGELES,
11426,33.990183,-118.447839,7.0,562.0,LOS ANGELES,
5129,38.6975543,-121.0029693,7.0,50.0,SACRAMNTO-STKTON-MODESTO,
719,43.1476782,-77.5774792,7.0,60.0,"ROCHESTER, NY",
6379,33.943229,-118.2050805,7.0,161.0,LOS ANGELES,
722,42.317493,-71.0654229,7.0,214.0,BOSTON (MANCHESTER),
11676,33.889918,-118.116621,7.0,215.0,LOS ANGELES,
13873,31.68210803,-106.1872037,7.0,127.0,EL PASO (LAS CRUCES),
11807,34.07302114,-118.0245816,7.0,56.0,LOS ANGELES,
6433,33.9868204,-117.3733009,7.0,52.0,LOS ANGELES,
6560,37.6834458,-121.0494073,7.0,106.0,SACRAMNTO-STKTON-MODESTO,
7039,34.4038722,-118.5505245,7.0,635.0,LOS ANGELES,
4245,32.7931619,-79.8562388,7.0,151.0,"CHARLESTON, SC",
369,38.6364394,-121.4987249,7.0,22257.0,SACRAMNTO-STKTON-MODESTO,
6710,37.0381364,-119.5170244,7.0,2.0,FRESNO-VISALIA,
74,42.2760893,-71.8005772,5.0,5684.0,BOSTON (MANCHESTER),
1034,43.5622044,-71.4479942,7.0,20.0,BOSTON (MANCHESTER),
6807,33.8943416,-118.3530433,7.0,86.0,LOS ANGELES,
6916,38.9120388,-120.0026411,7.0,54.0,SACRAMNTO-STKTON-MODESTO,
794,41.4016454,-75.6873977,7.0,42.0,WILKES BARRE-SCRANTON,
5786,33.4668008,-111.6830739,7.0,21.0,PHOENIX (PRESCOTT),
12146,34.18738252,-118.5531187,7.0,190.0,LOS ANGELES,
2812,27.4716423,-80.3356017,7.0,26.0,WEST PALM BEACH-FT. PIERCE,
611,42.0254248,-71.4906925,7.0,425.0,BOSTON (MANCHESTER),
14158,43.10622573,-72.42910507,7.0,1.0,BOSTON (MANCHESTER),
14461,26.34889717,-80.23088957,7.0,170.0,WEST PALM BEACH-FT. PIERCE,
6907,34.459376,-118.5350193,7.0,118.0,LOS ANGELES,
4439,33.3651168,-111.6197573,7.0,79.0,PHOENIX (PRESCOTT),
14017,38.41993806,-81.79065472,7.0,27.0,CHARLESTON-HUNTINGTON,
8863,33.40760941,-111.7704378,7.0,9625.0,PHOENIX (PRESCOTT),
6669,33.6399673,-111.9874144,7.0,155.0,PHOENIX (PRESCOTT),
13292,33.84683956,-118.0291162,7.0,80.0,LOS ANGELES,
8727,33.49296091,-112.2909149,7.0,,PHOENIX (PRESCOTT),
6421,33.4585538,-117.6519251,7.0,56.0,LOS ANGELES,
433,42.3497447,-71.2260743,7.0,19.0,BOSTON (MANCHESTER),
12158,26.88210183,-80.10968559,7.0,136.0,WEST PALM BEACH-FT. PIERCE,
8531,33.47954959,-111.9604967,7.0,105.0,PHOENIX (PRESCOTT),
8958,33.37871927,-111.681467,7.0,84.0,PHOENIX (PRESCOTT),
2660,26.1083197,-81.7500723,7.0,33.0,FT. MYERS-NAPLES,
7040,34.2802059,-118.7193449,7.0,138.0,LOS ANGELES,
11758,33.8588939,-112.1116261,7.0,88.0,PHOENIX (PRESCOTT),
12310,33.67725355,-111.9786778,7.0,63.0,PHOENIX (PRESCOTT),
10672,26.29416761,-81.80138136,7.0,38.0,FT. MYERS-NAPLES,
7586,36.0533005,-90.505683,7.0,65.0,JONESBORO,
9568,26.71095109,-80.09559669,7.0,150.0,WEST PALM BEACH-FT. PIERCE,
7077,33.5100915,-117.125648,7.0,116.0,LOS ANGELES,
4222,27.6904666,-80.4118912,7.0,45.0,WEST PALM BEACH-FT. PIERCE,
1068,42.0907816,-71.6422231,7.0,24.0,BOSTON (MANCHESTER),
508,42.2385342,-71.8443918,7.0,40.0,BOSTON (MANCHESTER),
12763,33.92055042,-118.3968625,7.0,647.0,LOS ANGELES,
1523,41.1532137,-76.1497968,7.0,56.0,WILKES BARRE-SCRANTON,
10246,26.35044662,-80.2023721,7.0,170.0,WEST PALM BEACH-FT. PIERCE,
1316,42.3114805,-71.1140038,7.0,164.0,BOSTON (MANCHESTER),
10432,42.13473961,-71.10241137,7.0,87.0,BOSTON (MANCHESTER),
12009,41.5864834,-93.6645394,7.0,30.0,DES MOINES-AMES,
8377,42.25374682,-71.02793168,7.0,226.0,BOSTON (MANCHESTER),
10029,33.94224271,-117.2271205,7.0,112.0,LOS ANGELES,
5827,42.9764458,-71.4785885,7.0,79.0,BOSTON (MANCHESTER),
10372,26.46961899,-80.14643439,7.0,46.0,WEST PALM BEACH-FT. PIERCE,
14820,42.22509172,-71.22307092,7.0,174.0,BOSTON (MANCHESTER),
4542,39.518022,-80.321888,7.0,26.0,CLARKSBURG-WESTON,
10132,41.60096029,-93.60124347,7.0,39.0,DES MOINES-AMES,
592,42.4028426,-71.2351577,7.0,30.0,BOSTON (MANCHESTER),
6976,34.2458336,-118.2757762,7.0,43.0,LOS ANGELES,
12117,33.97595791,-117.3492501,7.0,161.0,LOS ANGELES,
709,26.6827639,-81.9008273,7.0,42.0,FT. MYERS-NAPLES,
14638,33.98178531,-118.2474687,7.0,93.0,LOS ANGELES,
8692,37.30378508,-120.4919654,7.0,66.0,FRESNO-VISALIA,
8304,42.45742567,-71.02322129,7.0,78.0,BOSTON (MANCHESTER),
6519,33.7872745,-117.8104895,7.0,92.0,LOS ANGELES,
6123,26.1380603,-81.7189528,7.0,59.0,FT. MYERS-NAPLES,
4543,38.4590611,-81.4992455,7.0,13.0,CHARLESTON-HUNTINGTON,
1505,38.0529161,-78.5011908,7.0,83.0,CHARLOTTESVILLE,
8296,26.46978316,-80.06751377,7.0,41.0,WEST PALM BEACH-FT. PIERCE,
1518,40.8906563,-76.8017667,7.0,11.0,WILKES BARRE-SCRANTON,
11027,34.24010561,-111.3238314,7.0,29.0,PHOENIX (PRESCOTT),
11202,26.2726704,-81.69016283,7.0,74.0,FT. MYERS-NAPLES,
1115,42.4190463,-71.112265,7.0,200.0,BOSTON (MANCHESTER),
6621,38.1138845,-121.2847203,7.0,55.0,SACRAMNTO-STKTON-MODESTO,
15420,34.29846106,-118.4390363,7.0,72.0,LOS ANGELES,
10379,26.42604524,-81.43324243,7.0,56.0,FT. MYERS-NAPLES,
6419,33.527351,-117.717819,7.0,138.0,LOS ANGELES,
93,31.7553378,-106.4931378,7.0,21.0,EL PASO (LAS CRUCES),
480,42.2631149,-71.7998719,7.0,17.0,BOSTON (MANCHESTER),
1547,41.2316823,-77.0013095,7.0,18.0,WILKES BARRE-SCRANTON,
4917,42.3181167,-71.211237,7.0,16.0,BOSTON (MANCHESTER),
14860,33.34841515,-111.9786818,7.0,106.0,PHOENIX (PRESCOTT),
6541,36.8365456,-119.7522856,7.0,90.0,FRESNO-VISALIA,
10284,34.26417155,-118.5029916,7.0,122.0,LOS ANGELES,
258,34.0695983,-118.4020091,7.0,1351.0,LOS ANGELES,
1756,42.1139095,-70.8200782,7.0,38.0,BOSTON (MANCHESTER),
14648,36.5564748,-82.4837989,7.0,49.0,"TRI-CITIES, TN-VA",
10491,36.55862056,-82.57597688,7.0,49.0,"TRI-CITIES, TN-VA",
4243,36.2056128,-119.3673765,7.0,131.0,FRESNO-VISALIA,
7010,38.6869543,-121.3401349,7.0,67.0,SACRAMNTO-STKTON-MODESTO,
9671,42.1798285,-71.19045925,7.0,83.0,BOSTON (MANCHESTER),
12830,33.8029292,-117.9148183,7.0,71.0,LOS ANGELES,
6740,33.9159303,-118.2638999,7.0,107.0,LOS ANGELES,
7056,36.3580597,-119.6540526,7.0,125.0,FRESNO-VISALIA,
8726,33.61040611,-112.1763807,7.0,56.0,PHOENIX (PRESCOTT),
14111,36.1534448,-82.84929512,7.0,26.0,"TRI-CITIES, TN-VA",
8501,37.50687781,-120.8502068,7.0,83.0,SACRAMNTO-STKTON-MODESTO,
4201,33.686034,-116.198298,7.0,75.0,LOS ANGELES,
13350,38.5092786,-121.542973,7.0,70.0,SACRAMNTO-STKTON-MODESTO,
11195,35.82176188,-90.7050981,7.0,156.0,JONESBORO,
3172,33.9383662,-118.1315605,7.0,103.0,LOS ANGELES,
8148,33.30547768,-111.8748667,7.0,99.0,PHOENIX (PRESCOTT),
9429,42.238899,-70.983199,7.0,226.0,BOSTON (MANCHESTER),
12302,43.03119971,-71.07412486,7.0,62.0,BOSTON (MANCHESTER),
6427,33.6220172,-117.6587937,7.0,99.0,LOS ANGELES,
2447,34.1578646,-118.4917337,7.0,34.0,LOS ANGELES,
10302,33.79810209,-118.3070816,7.0,65.0,LOS ANGELES,
8989,33.45116966,-111.7714446,7.0,60.0,PHOENIX (PRESCOTT),
5065,33.8376489,-118.3850124,7.0,126.0,LOS ANGELES,
5621,33.584909,-117.2195664,7.0,184.0,LOS ANGELES,
6825,34.0333261,-118.4755385,7.0,117.0,LOS ANGELES,
13094,33.99476431,-117.0585299,7.0,74.0,LOS ANGELES,
10793,30.20591503,-93.21920802,7.0,1843.0,LAKE CHARLES,
13689,43.03959856,-71.1626897,7.0,24.0,BOSTON (MANCHESTER),
7028,36.8365568,-119.8783564,7.0,144.0,FRESNO-VISALIA,
13123,42.25630497,-71.79015237,7.0,90.0,BOSTON (MANCHESTER),
2973,36.341308,-82.376453,7.0,67.0,"TRI-CITIES, TN-VA",
6743,33.7387963,-117.9562944,7.0,163.0,LOS ANGELES,
7147,33.5251926,-111.9251413,7.0,52.0,PHOENIX (PRESCOTT),
7262,42.3519448,-71.0551625,7.0,22.0,BOSTON (MANCHESTER),
12341,36.48915,-82.506367,7.0,18.0,"TRI-CITIES, TN-VA",
7031,33.932741,-117.4232426,7.0,116.0,LOS ANGELES,
7602,38.0829466,-78.4739956,7.0,3374.0,CHARLOTTESVILLE,
5683,38.9928177,-80.2332532,7.0,26.0,CLARKSBURG-WESTON,
12291,42.27561083,-71.74416184,7.0,83.0,BOSTON (MANCHESTER),
6398,33.7466461,-117.9209641,7.0,114.0,LOS ANGELES,
13163,37.81153404,-121.2176604,7.0,81.0,SACRAMNTO-STKTON-MODESTO,
6802,33.7457535,-117.8679065,7.0,68.0,LOS ANGELES,
14116,34.140321,-118.370609,7.0,150.0,LOS ANGELES,
13331,38.69101988,-121.3836519,7.0,518.0,SACRAMNTO-STKTON-MODESTO,
13701,33.92298297,-118.0986632,7.0,224.0,LOS ANGELES,
2609,39.2726869,-80.3233126,7.0,58.0,CLARKSBURG-WESTON,
5819,36.7932051,-119.6827974,7.0,95.0,FRESNO-VISALIA,
4509,27.2983249,-80.305087,7.0,93.0,WEST PALM BEACH-FT. PIERCE,
13501,33.64095682,-117.1669411,7.0,197.0,LOS ANGELES,
3482,36.7343399,-120.059392,7.0,29.0,FRESNO-VISALIA,
13184,36.13699328,-120.360419,7.0,13.0,FRESNO-VISALIA,
9115,33.62821017,-117.7049235,7.0,1691.0,LOS ANGELES,
3941,26.6745064,-80.0614378,7.0,55.0,WEST PALM BEACH-FT. PIERCE,
11617,27.25932322,-80.28227436,7.0,60.0,WEST PALM BEACH-FT. PIERCE,
6741,33.6420709,-117.9199891,7.0,223.0,LOS ANGELES,
1710,42.5465948,-71.4709827,7.0,10.0,BOSTON (MANCHESTER),
1147,42.2675083,-71.1197752,7.0,1817.0,BOSTON (MANCHESTER),
1269,42.48178,-70.9362432,7.0,142.0,BOSTON (MANCHESTER),
4980,42.936747,-70.8372917,7.0,32.0,BOSTON (MANCHESTER),
6902,34.1606553,-118.1318798,7.0,94.0,LOS ANGELES,
6953,33.8448015,-117.7753599,7.0,91.0,LOS ANGELES,
8281,42.613099,-70.660699,7.0,74.0,BOSTON (MANCHESTER),
11655,33.39278662,-112.0985218,7.0,123.0,PHOENIX (PRESCOTT),
13887,26.46229954,-81.83030274,7.0,94.0,FT. MYERS-NAPLES,
14331,36.57583335,-119.6266158,7.0,357.0,FRESNO-VISALIA,
3124,36.9316207,-82.6364429,7.0,8.0,"TRI-CITIES, TN-VA",
7342,34.009847,-118.3081121,7.0,105.0,LOS ANGELES,
1672,42.5752954,-71.7488994,7.0,17.0,BOSTON (MANCHESTER),
11227,38.66042994,-121.3484744,7.0,51.0,SACRAMNTO-STKTON-MODESTO,
8808,42.49866265,-71.06828954,7.0,51.0,BOSTON (MANCHESTER),
9261,38.59489555,-121.3653614,7.0,31.0,SACRAMNTO-STKTON-MODESTO,
2107,33.6114091,-111.9965434,7.0,155.0,PHOENIX (PRESCOTT),
6659,33.5243366,-112.0658013,7.0,70.0,PHOENIX (PRESCOTT),
812,42.230739,-72.0251033,7.0,166.0,BOSTON (MANCHESTER),
6832,33.8190441,-116.4591407,7.0,109.0,LOS ANGELES,
7759,33.9721638,-118.2105377,7.0,1399.0,LOS ANGELES,
8896,33.78818269,-117.8188331,7.0,92.0,LOS ANGELES,
7933,33.16128399,-111.5640449,7.0,,PHOENIX (PRESCOTT),
15751,42.72749598,-77.86784959,7.0,6.0,"ROCHESTER, NY",
6535,38.5609727,-121.7319248,7.0,84.0,SACRAMNTO-STKTON-MODESTO,
12688,33.69978135,-116.2169892,7.0,107.0,LOS ANGELES,
15139,31.8415619,-102.3888266,7.0,72.0,ODESSA-MIDLAND,
3140,39.0419048,-121.0927134,7.0,39.0,SACRAMNTO-STKTON-MODESTO,
2752,38.4282932,-82.4535692,7.0,75.0,CHARLESTON-HUNTINGTON,
12280,26.49359604,-81.93441295,7.0,36.0,FT. MYERS-NAPLES,
446,33.6105378,-112.2383086,7.0,58.0,PHOENIX (PRESCOTT),
13383,42.0660872,-94.86665295,7.0,16.0,DES MOINES-AMES,
3137,38.5615551,-121.4444824,7.0,27.0,SACRAMNTO-STKTON-MODESTO,
11002,26.11465308,-81.75581404,7.0,33.0,FT. MYERS-NAPLES,
1550,41.3256265,-75.8100865,7.0,21.0,WILKES BARRE-SCRANTON,
1045,36.1961325,-119.3141852,7.0,131.0,FRESNO-VISALIA,
14682,42.35631924,-71.1895122,7.0,293.0,BOSTON (MANCHESTER),
10728,38.42292754,-121.3723185,7.0,111.0,SACRAMNTO-STKTON-MODESTO,
1579,34.6743582,-118.1471486,7.0,96.0,LOS ANGELES,
2772,27.67599,-80.3636496,7.0,20.0,WEST PALM BEACH-FT. PIERCE,
1543,40.7944357,-76.4221828,7.0,13.0,WILKES BARRE-SCRANTON,
6698,38.2590336,-122.0358822,7.0,2193.0,SACRAMNTO-STKTON-MODESTO,
2813,36.4161357,-82.327963,7.0,18.0,"TRI-CITIES, TN-VA",
1711,42.7736733,-71.1165358,7.0,59.0,BOSTON (MANCHESTER),
8329,38.33490592,-121.9692847,7.0,164.0,SACRAMNTO-STKTON-MODESTO,
761,41.7627967,-70.7206105,7.0,25.0,BOSTON (MANCHESTER),
11028,33.6743093,-111.9243931,7.0,87.0,PHOENIX (PRESCOTT),
10235,34.1217747,-117.3698757,7.0,1425.0,LOS ANGELES,
15868,43.15091587,-77.63409929,7.0,29.0,"ROCHESTER, NY",
1439,37.6692863,-121.0296364,7.0,106.0,SACRAMNTO-STKTON-MODESTO,
12764,33.6960576,-117.7419931,7.0,115.0,LOS ANGELES,
467,42.3504421,-71.2067216,7.0,32.0,BOSTON (MANCHESTER),
7046,37.8138485,-121.215147,7.0,81.0,SACRAMNTO-STKTON-MODESTO,
3927,43.1988511,-77.9423471,7.0,34.0,"ROCHESTER, NY",
5076,33.073035,-112.0427803,7.0,,PHOENIX (PRESCOTT),
292,33.5946806,-117.2454966,7.0,663.0,LOS ANGELES,
9449,33.684199,-112.203499,7.0,44.0,PHOENIX (PRESCOTT),
6957,34.2192063,-119.0531318,7.0,112.0,LOS ANGELES,
7359,42.0905477,-71.2700667,7.0,35.0,BOSTON (MANCHESTER),
7190,36.7375692,-119.6827652,7.0,135.0,FRESNO-VISALIA,
9525,42.16510164,-71.04377269,7.0,117.0,BOSTON (MANCHESTER),
10216,34.13211463,-117.6156157,7.0,104.0,LOS ANGELES,
1212,42.8067443,-70.8735895,7.0,42.0,BOSTON (MANCHESTER),
12502,38.55584121,-121.2436106,7.0,52.0,SACRAMNTO-STKTON-MODESTO,
11393,33.59491871,-112.3239014,7.0,315.0,PHOENIX (PRESCOTT),
11035,31.92241693,-106.4385062,7.0,125.0,EL PASO (LAS CRUCES),
4537,34.1073318,-117.8900215,7.0,142.0,LOS ANGELES,
2452,33.4942882,-112.0645146,7.0,70.0,PHOENIX (PRESCOTT),
10253,33.9164531,-117.2256189,7.0,176.0,LOS ANGELES,
1685,41.708258,-70.0238435,7.0,16.0,BOSTON (MANCHESTER),
12987,42.660168,-77.056484,7.0,15.0,"ROCHESTER, NY",
1599,33.2793027,-111.6855425,7.0,,PHOENIX (PRESCOTT),
2532,37.6542021,-120.9587133,7.0,128.0,SACRAMNTO-STKTON-MODESTO,
6571,38.712758,-120.8421331,7.0,47.0,SACRAMNTO-STKTON-MODESTO,
11551,33.82157209,-118.1846412,7.0,77.0,LOS ANGELES,
3825,26.881785,-80.104383,7.0,136.0,WEST PALM BEACH-FT. PIERCE,
10639,34.67548711,-118.1130307,7.0,156.0,LOS ANGELES,
12161,38.65810724,-121.1293035,7.0,110.0,SACRAMNTO-STKTON-MODESTO,
15786,42.87992616,-72.56077054,7.0,18.0,BOSTON (MANCHESTER),
14745,31.24169881,-89.81019766,7.0,11.0,HATTIESBURG-LAUREL,
824,41.5603213,-70.5987676,7.0,6.0,BOSTON (MANCHESTER),
12163,34.15156084,-118.0233305,7.0,52.0,LOS ANGELES,
13291,33.81718823,-117.9743889,7.0,188.0,LOS ANGELES,
7387,37.386381,-120.7367013,7.0,26.0,FRESNO-VISALIA,
440,42.3358897,-71.1489828,7.0,227.0,BOSTON (MANCHESTER),
6852,34.3808719,-118.5401271,7.0,635.0,LOS ANGELES,
104,31.7760375,-106.303313,5.0,218.0,EL PASO (LAS CRUCES),
12733,33.190184,-111.599957,7.0,,PHOENIX (PRESCOTT),
10952,31.76614027,-106.3195013,7.0,218.0,EL PASO (LAS CRUCES),
10764,33.78895955,-118.0278247,7.0,28.0,LOS ANGELES,
12249,42.84482397,-71.36208137,7.0,67.0,BOSTON (MANCHESTER),
14446,34.04759083,-118.2089629,7.0,88.0,LOS ANGELES,
274,42.4850974,-71.2087651,6.0,651.0,BOSTON (MANCHESTER),
6925,34.1356295,-117.5557299,7.0,104.0,LOS ANGELES,
8821,33.30479598,-111.9279773,7.0,86.0,PHOENIX (PRESCOTT),
3312,42.8421892,-70.8600265,7.0,119.0,BOSTON (MANCHESTER),
6712,33.8656796,-118.394941,7.0,527.0,LOS ANGELES,
10228,38.42416197,-121.4186127,7.0,125.0,SACRAMNTO-STKTON-MODESTO,
8121,33.52428817,-112.2048757,7.0,61.0,PHOENIX (PRESCOTT),
6371,35.1018243,-114.5955406,7.0,42.0,PHOENIX (PRESCOTT),
9486,26.13904686,-81.76569272,7.0,59.0,FT. MYERS-NAPLES,
12458,42.09340832,-70.71804816,7.0,59.0,BOSTON (MANCHESTER),
6797,33.9296697,-118.3272973,7.0,71.0,LOS ANGELES,
9232,38.52528441,-121.4958806,7.0,75.0,SACRAMNTO-STKTON-MODESTO,
14466,42.58532017,-71.77876075,7.0,93.0,BOSTON (MANCHESTER),
9221,42.22242653,-70.80550203,7.0,69.0,BOSTON (MANCHESTER),
1047,42.5774649,-70.8894279,7.0,87.0,BOSTON (MANCHESTER),
15905,43.21117161,-77.70717111,7.0,68.0,"ROCHESTER, NY",
3972,26.5639609,-81.8709796,7.0,5451.0,FT. MYERS-NAPLES,
13023,33.94613003,-118.2159461,7.0,161.0,LOS ANGELES,
10667,33.36496396,-111.7915897,7.0,96.0,PHOENIX (PRESCOTT),
5794,33.7405517,-111.9789841,7.0,246.0,PHOENIX (PRESCOTT),
11253,34.138536,-118.215287,7.0,83.0,LOS ANGELES,
15095,31.78404455,-106.425076,7.0,17.0,EL PASO (LAS CRUCES),
822,43.1238494,-77.5609233,7.0,42.0,"ROCHESTER, NY",
3392,41.6512592,-70.2414836,7.0,21.0,BOSTON (MANCHESTER),
410,42.2755934,-71.7453967,7.0,83.0,BOSTON (MANCHESTER),
7993,33.4944866,-112.1694823,7.0,26.0,PHOENIX (PRESCOTT),
10387,34.03640246,-117.9493973,7.0,165.0,LOS ANGELES,
2594,26.753621,-80.9409474,7.0,31.0,FT. MYERS-NAPLES,
3942,26.8439306,-80.0712158,7.0,105.0,WEST PALM BEACH-FT. PIERCE,
11134,33.9043249,-118.1417862,7.0,215.0,LOS ANGELES,
1111,42.0997511,-71.0671872,7.0,214.0,BOSTON (MANCHESTER),
6954,38.0812111,-122.1927856,7.0,415.0,SACRAMNTO-STKTON-MODESTO,
14460,37.93853184,-121.2428267,7.0,30.0,SACRAMNTO-STKTON-MODESTO,
15771,33.03394846,-80.06037613,7.0,131.0,"CHARLESTON, SC",
7080,38.6685909,-121.1563997,7.0,110.0,SACRAMNTO-STKTON-MODESTO,
2040,34.1942168,-118.5627453,7.0,533.0,LOS ANGELES,
12905,38.65627537,-121.5417499,7.0,119.0,SACRAMNTO-STKTON-MODESTO,
9614,26.4384643,-80.14577433,7.0,58.0,WEST PALM BEACH-FT. PIERCE,
1698,41.8961246,-70.9511506,7.0,55.0,BOSTON (MANCHESTER),
3116,38.645746,-121.0688474,7.0,81.0,SACRAMNTO-STKTON-MODESTO,
8301,42.82085892,-70.90220068,7.0,42.0,BOSTON (MANCHESTER),
8889,26.66730939,-81.82796771,7.0,80.0,FT. MYERS-NAPLES,
15591,38.41189495,-82.42832398,7.0,67.0,CHARLESTON-HUNTINGTON,
932,41.6565962,-70.2060914,7.0,21.0,BOSTON (MANCHESTER),
14803,33.52905637,-111.9265239,7.0,156.0,PHOENIX (PRESCOTT),
5652,38.3491609,-77.7465493,7.0,32.0,CHARLOTTESVILLE,
1317,42.3752392,-71.0407695,7.0,188.0,BOSTON (MANCHESTER),
3268,29.7027515,-82.387699,7.0,26.0,GAINESVILLE,
6960,34.0673549,-118.3894186,7.0,39.0,LOS ANGELES,
11209,33.41531019,-111.8752654,7.0,101.0,PHOENIX (PRESCOTT),
1306,42.0742363,-71.0420695,7.0,214.0,BOSTON (MANCHESTER),
1117,42.3661445,-71.1850009,7.0,112.0,BOSTON (MANCHESTER),
4424,33.5074897,-112.3586909,7.0,167.0,PHOENIX (PRESCOTT),
7014,38.0109938,-121.3194022,7.0,88.0,SACRAMNTO-STKTON-MODESTO,
14600,38.65590317,-121.0721538,7.0,81.0,SACRAMNTO-STKTON-MODESTO,
1970,41.6475767,-70.4241614,7.0,18.0,BOSTON (MANCHESTER),
249,41.3969584,-75.6489025,7.0,1557.0,WILKES BARRE-SCRANTON-HZTN,
13789,43.21595699,-71.5065666,7.0,70.0,BOSTON (MANCHESTER),
11351,33.55667793,-117.7089357,7.0,138.0,LOS ANGELES,
3924,27.2565913,-80.1993319,7.0,60.0,WEST PALM BEACH-FT. PIERCE,
6335,34.0446821,-117.7502109,7.0,135.0,LOS ANGELES,
6418,34.0271101,-118.3928048,7.0,262.0,LOS ANGELES,
1006,43.2072147,-77.4644793,7.0,91.0,"ROCHESTER, NY",
8921,33.78852648,-117.9144421,7.0,125.0,LOS ANGELES,
3165,32.8822612,-79.993136,7.0,892.0,"CHARLESTON, SC",
8957,33.33447289,-111.8756554,7.0,99.0,PHOENIX (PRESCOTT),
5113,33.7055893,-117.7843376,7.0,72.0,LOS ANGELES,
6596,34.0430934,-118.3773966,7.0,114.0,LOS ANGELES,
1971,42.2483057,-71.1537561,7.0,71.0,BOSTON (MANCHESTER),
3610,42.3652149,-71.0605032,7.0,91.0,BOSTON (MANCHESTER),
2035,42.283249,-71.0474553,7.0,241.0,BOSTON (MANCHESTER),
8303,38.10544041,-122.2073092,7.0,140.0,SACRAMNTO-STKTON-MODESTO,
236,41.6003553,-93.839682,6.0,103.0,DES MOINES-AMES,
7470,34.0406816,-118.1862039,7.0,115.0,LOS ANGELES,
1534,40.9228193,-77.0342696,7.0,4.0,WILKES BARRE-SCRANTON,
9430,42.08639165,-70.98699844,7.0,125.0,BOSTON (MANCHESTER),
8628,31.70477717,-106.3168827,7.0,67.0,EL PASO (LAS CRUCES),
1069,37.898966,-78.3124725,7.0,37.0,CHARLOTTESVILLE,
6987,34.0593872,-118.1234811,7.0,1091.0,LOS ANGELES,
268,26.8074283,-80.0947078,6.0,81.0,WEST PALM BEACH-FT. PIERCE,
12222,34.15747824,-118.1320865,7.0,3607.0,LOS ANGELES,
9168,29.66708032,-82.33871207,7.0,47.0,GAINESVILLE,
8830,26.511992,-80.12388308,7.0,157.0,WEST PALM BEACH-FT. PIERCE,
9146,26.55699875,-81.87099077,7.0,5451.0,FT. MYERS-NAPLES,
4426,33.6737305,-112.2543756,7.0,92.0,PHOENIX (PRESCOTT),
3994,29.7936606,-82.495326,7.0,8.0,GAINESVILLE,
7100,37.740265,-121.1365726,7.0,24.0,SACRAMNTO-STKTON-MODESTO,
8797,42.41494753,-71.04668047,7.0,1993.0,BOSTON (MANCHESTER),
3126,36.8094934,-119.6755382,7.0,95.0,FRESNO-VISALIA,
9891,33.94642071,-116.501773,7.0,77.0,LOS ANGELES,
9913,26.66341418,-80.11316839,7.0,144.0,WEST PALM BEACH-FT. PIERCE,
13173,34.12203079,-117.2791378,7.0,120.0,LOS ANGELES,
6746,33.9003509,-118.3848828,7.0,934.0,LOS ANGELES,
2910,26.6521812,-81.9161177,7.0,42.0,FT. MYERS-NAPLES,
1697,42.2972503,-71.4496485,7.0,102.0,BOSTON (MANCHESTER),
1500,38.0356067,-78.4596976,7.0,3374.0,CHARLOTTESVILLE,
11317,34.05752929,-118.4246859,7.0,191.0,LOS ANGELES,
6639,33.6964875,-111.8895096,7.0,87.0,PHOENIX (PRESCOTT),
408,42.3424763,-71.1211487,7.0,87.0,BOSTON (MANCHESTER),
3193,39.4748386,-80.1776545,7.0,85.0,CLARKSBURG-WESTON,
962,26.3701805,-80.0761044,7.0,90.0,WEST PALM BEACH-FT. PIERCE,
2632,26.6512147,-80.1212672,7.0,144.0,WEST PALM BEACH-FT. PIERCE,
15747,32.78317019,-79.9451532,7.0,48.0,"CHARLESTON, SC",
1503,38.1307385,-78.4385134,7.0,40.0,CHARLOTTESVILLE,
13297,42.07426371,-71.25877408,7.0,35.0,BOSTON (MANCHESTER),
160,33.6409219,-111.8619821,7.0,103.0,PHOENIX (PRESCOTT),
2322,41.3210241,-75.7926957,7.0,27.0,WILKES BARRE-SCRANTON,
3956,27.3158636,-80.3868847,7.0,72.0,WEST PALM BEACH-FT. PIERCE,
15076,42.27383897,-71.11571805,7.0,1534.0,BOSTON (MANCHESTER),
546,43.5145443,-71.4921496,7.0,10.0,BOSTON (MANCHESTER),
3970,29.630993,-82.4218304,7.0,101.0,GAINESVILLE,
12008,33.78284643,-118.153107,7.0,154.0,LOS ANGELES,
2448,42.5510997,-70.9335033,7.0,719.0,BOSTON (MANCHESTER),
384,33.4940989,-112.0145683,7.0,36455.0,PHOENIX (PRESCOTT),
14823,42.36754627,-71.30056763,7.0,16.0,BOSTON (MANCHESTER),
6430,34.0564174,-117.184467,7.0,66.0,LOS ANGELES,
1073,42.693815,-71.1625343,7.0,91.0,BOSTON (MANCHESTER),
4811,38.4763917,-82.6467828,7.0,588.0,CHARLESTON-HUNTINGTON,
3887,42.7891422,-77.5055509,7.0,5.0,"ROCHESTER, NY",
12697,41.64452134,-93.46398902,7.0,138.0,DES MOINES-AMES,
5109,41.2015259,-77.2738742,7.0,25.0,WILKES BARRE-SCRANTON,
7075,33.4755196,-117.1217872,7.0,223.0,LOS ANGELES,
3603,38.0348394,-78.4999899,7.0,83.0,CHARLOTTESVILLE,
2980,36.5918175,-82.2217387,7.0,58.0,"TRI-CITIES, TN-VA",
13616,42.34953936,-71.85998973,7.0,30.0,BOSTON (MANCHESTER),
6963,33.9685196,-118.0993287,7.0,151.0,LOS ANGELES,
6570,33.7456078,-117.0044651,7.0,89.0,LOS ANGELES,
10576,41.69962493,-93.0379874,7.0,23.0,DES MOINES-AMES,
8226,42.33120921,-71.20763838,7.0,16.0,BOSTON (MANCHESTER),
1120,42.2665048,-71.0173683,7.0,49.0,BOSTON (MANCHESTER),
4174,42.2697988,-71.0940623,7.0,1798.0,BOSTON (MANCHESTER),
6674,34.7189108,-112.0009216,7.0,35.0,PHOENIX (PRESCOTT),
712,42.5164175,-70.9064215,7.0,150.0,BOSTON (MANCHESTER),
1517,34.1570523,-118.369296,7.0,136.0,LOS ANGELES,
12806,43.0472379,-77.11251632,7.0,17.0,"ROCHESTER, NY",
1296,42.186177,-71.3091822,7.0,20.0,BOSTON (MANCHESTER),
1910,41.2608334,-75.8970541,7.0,65.0,WILKES BARRE-SCRANTON,
9837,26.55473025,-80.11923673,7.0,157.0,WEST PALM BEACH-FT. PIERCE,
8583,33.48810774,-111.9267008,7.0,168.0,PHOENIX (PRESCOTT),
3937,26.8215131,-80.082441,7.0,105.0,WEST PALM BEACH-FT. PIERCE,
12694,29.50335635,-82.87117345,7.0,45.0,GAINESVILLE,
11492,32.8294899,-79.83505675,7.0,151.0,"CHARLESTON, SC",
6845,34.0355872,-117.9515352,7.0,165.0,LOS ANGELES,
646,42.2963424,-71.2965617,7.0,17.0,BOSTON (MANCHESTER),
14504,32.80225943,-80.11031814,7.0,53.0,"CHARLESTON, SC",
61,33.9551132,-118.1306462,7.0,5528.0,LOS ANGELES,
630,41.1174617,-75.380248,7.0,10.0,WILKES BARRE-SCRANTON,
14659,42.08046552,-71.39038485,7.0,64.0,BOSTON (MANCHESTER),
7210,31.7588105,-106.4874843,7.0,21.0,EL PASO (LAS CRUCES),
11921,33.24717069,-111.8247664,7.0,81.0,PHOENIX (PRESCOTT),
1066,41.6851412,-70.2093129,7.0,21.0,BOSTON (MANCHESTER),
325,34.4427935,-118.6115923,7.0,635.0,LOS ANGELES,
3916,26.8818012,-80.0563244,7.0,174.0,WEST PALM BEACH-FT. PIERCE,
1598,33.4956756,-112.5131015,7.0,53.0,PHOENIX (PRESCOTT),
2924,26.5717396,-80.1453443,7.0,161.0,WEST PALM BEACH-FT. PIERCE,
11455,33.71281433,-112.202438,7.0,44.0,PHOENIX (PRESCOTT),
11528,33.982066,-118.053471,7.0,99.0,LOS ANGELES,
2866,32.8041572,-79.9525828,7.0,81.0,"CHARLESTON, SC",
10644,33.48135632,-111.684796,7.0,21.0,PHOENIX (PRESCOTT),
443,42.6189292,-70.6424059,7.0,74.0,BOSTON (MANCHESTER),
5116,36.8080351,-119.7817787,7.0,70.0,FRESNO-VISALIA,
4816,36.5592646,-82.2107407,7.0,58.0,"TRI-CITIES, TN-VA",
575,30.2123617,-93.2191684,7.0,1843.0,LAKE CHARLES,
13129,43.52537701,-71.46976252,7.0,30.0,BOSTON (MANCHESTER),
6738,33.7901101,-118.1410389,7.0,97.0,LOS ANGELES,
9845,42.43096096,-71.02452216,7.0,228.0,BOSTON (MANCHESTER),
11447,26.64503706,-80.11309709,7.0,144.0,WEST PALM BEACH-FT. PIERCE,
5625,38.2602173,-78.117912,7.0,16.0,CHARLOTTESVILLE,
5511,36.6145788,-82.1718306,7.0,21.0,"TRI-CITIES, TN-VA",
11243,27.13335514,-80.20705671,7.0,86.0,WEST PALM BEACH-FT. PIERCE,
7999,31.76088,-106.354067,7.0,85.0,EL PASO (LAS CRUCES),
6425,33.9165089,-118.0986428,7.0,224.0,LOS ANGELES,
6801,34.0187108,-118.3359255,7.0,177.0,LOS ANGELES,
421,42.3976032,-71.1757182,7.0,52.0,BOSTON (MANCHESTER),
2225,42.5174872,-70.9508719,7.0,137.0,BOSTON (MANCHESTER),
5439,33.507588,-112.2908867,7.0,77.0,PHOENIX (PRESCOTT),
8508,33.65319543,-112.2544083,7.0,92.0,PHOENIX (PRESCOTT),
10233,33.53795518,-112.1508317,7.0,72.0,PHOENIX (PRESCOTT),
1700,42.3628871,-71.3664639,7.0,191.0,BOSTON (MANCHESTER),
15244,38.27611948,-122.0334028,7.0,2193.0,SACRAMNTO-STKTON-MODESTO,
8974,33.91775615,-117.9465574,7.0,185.0,LOS ANGELES,
6604,33.4797582,-112.1511252,7.0,39.0,PHOENIX (PRESCOTT),
10811,33.82354303,-118.3393695,7.0,72.0,LOS ANGELES,
9264,27.17325017,-80.29462048,7.0,67.0,WEST PALM BEACH-FT. PIERCE,
13081,42.46527457,-71.06099287,7.0,96.0,BOSTON (MANCHESTER),
7464,42.8194127,-70.909678,7.0,42.0,BOSTON (MANCHESTER),
3062,33.1866558,-79.9994696,7.0,92.0,"CHARLESTON, SC",
3463,38.4227103,-82.4228384,7.0,15.0,CHARLESTON-HUNTINGTON,
2860,34.0258656,-117.8348977,7.0,78.0,LOS ANGELES,
6655,33.3209138,-111.9877405,7.0,106.0,PHOENIX (PRESCOTT),
3892,43.2368314,-77.0632408,7.0,38.0,"ROCHESTER, NY",
11150,34.16547813,-118.4134453,7.0,120.0,LOS ANGELES,
10884,42.29111899,-71.07191227,7.0,241.0,BOSTON (MANCHESTER),
5357,38.5406498,-121.4762355,7.0,78.0,SACRAMNTO-STKTON-MODESTO,
6970,33.7214524,-116.3341025,7.0,22.0,LOS ANGELES,
10937,37.05745126,-120.8345259,7.0,59.0,FRESNO-VISALIA,
1591,41.1354368,-77.4523593,7.0,26.0,WILKES BARRE-SCRANTON,
2199,43.1223542,-77.7091029,7.0,68.0,"ROCHESTER, NY",
11453,32.31247417,-106.7516002,7.0,55.0,EL PASO (LAS CRUCES),
13213,43.1966647,-77.59962677,7.0,64.0,"ROCHESTER, NY",
7243,33.7417945,-112.1066473,7.0,67.0,PHOENIX (PRESCOTT),
1486,42.2331535,-71.1807309,7.0,71.0,BOSTON (MANCHESTER),
7036,37.7608884,-121.4330293,7.0,98.0,SACRAMNTO-STKTON-MODESTO,
7785,34.2393605,-118.3941704,7.0,581.0,LOS ANGELES,
35,34.1418984,-118.1335263,7.0,3607.0,LOS ANGELES,
10478,42.7227049,-71.15945733,7.0,129.0,BOSTON (MANCHESTER),
11696,39.1423844,-121.6479283,7.0,58.0,SACRAMNTO-STKTON-MODESTO,
13917,33.6848599,-116.1807945,7.0,75.0,LOS ANGELES,
10883,34.25857947,-118.5366332,7.0,78.0,LOS ANGELES,
6919,34.1007606,-118.0750265,7.0,436.0,LOS ANGELES,
7074,38.3529734,-121.9513122,7.0,164.0,SACRAMNTO-STKTON-MODESTO,
11411,36.1765121,-82.79378522,7.0,23.0,"TRI-CITIES, TN-VA",
8435,37.60976117,-120.9565211,7.0,58.0,SACRAMNTO-STKTON-MODESTO,
13008,36.77256811,-119.7901862,7.0,33.0,FRESNO-VISALIA,
8909,33.48522033,-112.3618324,7.0,,PHOENIX (PRESCOTT),
1531,40.8663511,-76.7890572,7.0,33.0,WILKES BARRE-SCRANTON,
8465,38.13576196,-121.2892271,7.0,42.0,SACRAMNTO-STKTON-MODESTO,
1701,42.2546058,-71.4660993,7.0,28.0,BOSTON (MANCHESTER),
15458,26.21256803,-81.76648853,7.0,61.0,FT. MYERS-NAPLES,
3052,26.7070796,-80.1524006,7.0,275.0,WEST PALM BEACH-FT. PIERCE,
8841,42.33634111,-71.12064064,7.0,87.0,BOSTON (MANCHESTER),
10019,34.47324347,-114.3437775,7.0,42.0,PHOENIX (PRESCOTT),
1516,40.9804183,-75.9794784,7.0,25.0,WILKES BARRE-SCRANTON,
11712,41.62983848,-93.67880996,7.0,42.0,DES MOINES-AMES,
613,42.5506628,-71.0014881,7.0,137.0,BOSTON (MANCHESTER),
10062,33.68332195,-112.1355308,7.0,3856.0,PHOENIX (PRESCOTT),
13461,43.45672895,-71.56599837,7.0,14.0,BOSTON (MANCHESTER),
10677,32.91318773,-80.10750958,7.0,43.0,"CHARLESTON, SC",
10404,41.55598433,-93.59808979,7.0,42.0,DES MOINES-AMES,
451,42.4620465,-70.9627139,7.0,89.0,BOSTON (MANCHESTER),
125,33.5682004,-112.0732533,7.0,66.0,PHOENIX (PRESCOTT),
3920,26.5296293,-80.1202755,7.0,157.0,WEST PALM BEACH-FT. PIERCE,
2025,41.092712,-75.5926542,7.0,19.0,WILKES BARRE-SCRANTON,
1708,42.5681481,-71.8138462,7.0,93.0,BOSTON (MANCHESTER),
5816,26.0635011,-81.6982986,7.0,44.0,FT. MYERS-NAPLES,
885,42.4261446,-71.0654229,7.0,228.0,BOSTON (MANCHESTER),
10848,42.54720485,-70.94672371,7.0,137.0,BOSTON (MANCHESTER),
10386,33.39386515,-111.6160808,7.0,55.0,PHOENIX (PRESCOTT),
542,42.5907829,-71.2020341,7.0,63.0,BOSTON (MANCHESTER),
6734,33.9648611,-118.2231487,7.0,161.0,LOS ANGELES,
3995,26.3937519,-80.0843454,7.0,90.0,WEST PALM BEACH-FT. PIERCE,
11930,41.95121306,-70.68967118,7.0,139.0,BOSTON (MANCHESTER),
208,33.4068235,-111.9404461,7.0,158.0,PHOENIX (PRESCOTT),
7631,33.7106948,-117.8168094,7.0,79.0,LOS ANGELES,
6935,34.1832374,-118.3387981,7.0,102.0,LOS ANGELES,
9814,42.28182646,-71.15856381,7.0,77.0,BOSTON (MANCHESTER),
1122,42.3637788,-71.1943201,7.0,112.0,BOSTON (MANCHESTER),
2762,38.7386375,-82.9957636,7.0,63.0,CHARLESTON-HUNTINGTON,
6736,34.0755018,-118.3759341,7.0,112.0,LOS ANGELES,
6375,33.6723978,-117.9209881,7.0,192.0,LOS ANGELES,
9590,26.68252853,-80.24758322,7.0,107.0,WEST PALM BEACH-FT. PIERCE,
7542,33.3927751,-111.6685412,7.0,84.0,PHOENIX (PRESCOTT),
6878,34.0739574,-118.2147415,7.0,114.0,LOS ANGELES,
10572,33.46545103,-112.1529617,7.0,77.0,PHOENIX (PRESCOTT),
7632,34.2841616,-118.4432737,7.0,72.0,LOS ANGELES,
8598,33.3643051,-111.7565412,7.0,120.0,PHOENIX (PRESCOTT),
8267,42.490342,-71.017665,7.0,78.0,BOSTON (MANCHESTER),
6549,36.9754229,-120.0725717,7.0,43.0,FRESNO-VISALIA,
6997,38.6188112,-121.3468325,7.0,1362.0,SACRAMNTO-STKTON-MODESTO,
1985,43.2388693,-77.6959125,7.0,89.0,"ROCHESTER, NY",
6390,34.0270132,-118.427309,7.0,262.0,LOS ANGELES,
2126,34.0227992,-118.2798382,7.0,135.0,LOS ANGELES,
6784,34.0203547,-118.4222888,7.0,262.0,LOS ANGELES,
12822,42.57033075,-71.41963831,7.0,31.0,BOSTON (MANCHESTER),
9930,34.2026926,-110.0203252,7.0,22.0,PHOENIX (PRESCOTT),
8978,26.60210758,-81.9417509,7.0,61.0,FT. MYERS-NAPLES,
11505,33.890921,-118.299443,7.0,1411.0,LOS ANGELES,
3818,26.5275881,-80.1465654,7.0,64.0,WEST PALM BEACH-FT. PIERCE,
10668,33.52364445,-112.0989043,7.0,78.0,PHOENIX (PRESCOTT),
8342,37.96751466,-121.2959284,7.0,64.0,SACRAMNTO-STKTON-MODESTO,
14762,36.30072249,-82.46581451,7.0,38.0,"TRI-CITIES, TN-VA",
7241,34.5982179,-112.4569458,7.0,44.0,PHOENIX (PRESCOTT),
15265,34.15983424,-118.2542407,7.0,17.0,LOS ANGELES,
803,29.6605308,-82.3239587,7.0,80.0,GAINESVILLE,
14739,38.48074418,-121.5040714,7.0,22.0,SACRAMNTO-STKTON-MODESTO,
6550,34.1037188,-118.0904124,7.0,41.0,LOS ANGELES,
10205,27.27231562,-80.31860577,7.0,93.0,WEST PALM BEACH-FT. PIERCE,
1311,42.0304063,-70.9588363,7.0,39.0,BOSTON (MANCHESTER),
14543,26.54780502,-81.8035832,7.0,57.0,FT. MYERS-NAPLES,
2248,41.7838494,-76.4497205,7.0,16.0,WILKES BARRE-SCRANTON,
409,33.6087314,-112.2692209,7.0,14.0,PHOENIX (PRESCOTT),
6603,34.1819423,-118.9236705,7.0,93.0,LOS ANGELES,
1903,38.4102944,-121.3854748,7.0,111.0,SACRAMNTO-STKTON-MODESTO,
6821,33.8645692,-117.5471081,7.0,127.0,LOS ANGELES,
15768,38.42745516,-82.39398521,7.0,7.0,CHARLESTON-HUNTINGTON,
6992,33.9159543,-117.3232121,7.0,102.0,LOS ANGELES,
6611,35.2157936,-111.5981868,7.0,81.0,PHOENIX (PRESCOTT),
15212,42.57665394,-70.89191603,7.0,87.0,BOSTON (MANCHESTER),
15441,37.40849437,-120.8495469,7.0,57.0,FRESNO-VISALIA,
7240,33.9770366,-118.4173063,7.0,53.0,LOS ANGELES,
1892,42.2474452,-71.1728405,7.0,71.0,BOSTON (MANCHESTER),
2568,26.9956314,-82.1164872,7.0,69.0,FT. MYERS-NAPLES,
11662,33.46509466,-112.2906128,7.0,,PHOENIX (PRESCOTT),
6849,34.1967842,-118.8682822,7.0,1418.0,LOS ANGELES,
15135,26.56318946,-81.95742861,7.0,61.0,FT. MYERS-NAPLES,
3958,29.6890745,-82.3395683,7.0,47.0,GAINESVILLE,
10577,41.36956982,-93.55768348,7.0,21.0,DES MOINES-AMES,
13822,32.9684015,-80.00436607,7.0,131.0,"CHARLESTON, SC",
6961,34.0030865,-118.089652,7.0,151.0,LOS ANGELES,
1535,41.4957016,-75.7059826,7.0,46.0,WILKES BARRE-SCRANTON,
2892,26.6514624,-80.2350168,7.0,243.0,WEST PALM BEACH-FT. PIERCE,
583,42.4171424,-71.160361,7.0,27.0,BOSTON (MANCHESTER),
9893,33.42275419,-111.8477788,7.0,101.0,PHOENIX (PRESCOTT),
14445,38.37945413,-120.8034886,7.0,22.0,SACRAMNTO-STKTON-MODESTO,
62,41.3969584,-75.6489025,3.0,1557.0,WILKES BARRE-SCRANTON-HZTN,
2131,42.0924884,-70.7045342,7.0,59.0,BOSTON (MANCHESTER),
13063,42.24246166,-71.12723753,7.0,1817.0,BOSTON (MANCHESTER),
2666,33.3641347,-111.7395741,7.0,120.0,PHOENIX (PRESCOTT),
2629,26.5892812,-80.1150287,7.0,234.0,WEST PALM BEACH-FT. PIERCE,
6771,33.5328513,-117.1521186,7.0,116.0,LOS ANGELES,
2817,38.7556512,-82.9322568,7.0,63.0,CHARLESTON-HUNTINGTON,
5121,33.6883403,-117.9881406,7.0,215.0,LOS ANGELES,
6827,33.9420509,-117.2247114,7.0,112.0,LOS ANGELES,
7938,33.728635,-117.007406,7.0,89.0,LOS ANGELES,
11747,26.93499721,-82.31031311,7.0,16.0,FT. MYERS-NAPLES,
13103,42.89128811,-71.14316785,7.0,5.0,BOSTON (MANCHESTER),
4105,26.2985642,-81.8016828,7.0,38.0,FT. MYERS-NAPLES,
12180,33.706817,-116.251926,7.0,107.0,LOS ANGELES,
5507,33.3759143,-79.2882319,7.0,52.0,"CHARLESTON, SC",
2590,26.5451283,-80.0912922,7.0,118.0,WEST PALM BEACH-FT. PIERCE,
3029,36.1762417,-82.7963456,7.0,23.0,"TRI-CITIES, TN-VA",
4290,30.2264828,-93.3586903,7.0,71.0,LAKE CHARLES,
1676,41.70139,-70.4859227,7.0,20.0,BOSTON (MANCHESTER),
12617,33.89386903,-118.3953734,7.0,934.0,LOS ANGELES,
10789,33.85874335,-117.960495,7.0,110.0,LOS ANGELES,
853,42.0122893,-70.7319939,7.0,235.0,BOSTON (MANCHESTER),
7120,38.486492,-121.5349486,7.0,70.0,SACRAMNTO-STKTON-MODESTO,
6981,34.0766458,-118.1511254,7.0,52.0,LOS ANGELES,
4207,36.7187615,-81.951521,7.0,26.0,"TRI-CITIES, TN-VA",
609,42.4989316,-70.8563569,7.0,32.0,BOSTON (MANCHESTER),
3886,42.5615167,-77.6975151,7.0,6.0,"ROCHESTER, NY",
1545,41.2115053,-76.7608554,7.0,14.0,WILKES BARRE-SCRANTON,
536,42.7024985,-71.1323186,7.0,64.0,BOSTON (MANCHESTER),
13513,26.61227715,-81.78042789,7.0,66.0,FT. MYERS-NAPLES,
11385,34.01916585,-118.3345035,7.0,177.0,LOS ANGELES,
233,26.1415894,-81.7957461,6.0,27.0,FT. MYERS-NAPLES,
10690,33.49369188,-112.2545192,7.0,77.0,PHOENIX (PRESCOTT),
11395,26.607072,-81.97361,7.0,91.0,FT. MYERS-NAPLES,
11305,38.80567928,-121.2722776,7.0,77.0,SACRAMNTO-STKTON-MODESTO,
6931,34.0336046,-117.6526096,7.0,131.0,LOS ANGELES,
12586,33.80121173,-116.4049768,7.0,323.0,LOS ANGELES,
6886,34.143781,-118.3966795,7.0,150.0,LOS ANGELES,
2111,41.8214857,-70.5516859,7.0,139.0,BOSTON (MANCHESTER),
4194,26.6667197,-81.8905764,7.0,42.0,FT. MYERS-NAPLES,
2737,33.3785636,-112.0998702,7.0,123.0,PHOENIX (PRESCOTT),
7774,34.1226742,-117.6921894,7.0,57.0,LOS ANGELES,
9809,26.95175851,-80.08591249,7.0,23.0,WEST PALM BEACH-FT. PIERCE,
13065,42.29351002,-71.77818567,7.0,5684.0,BOSTON (MANCHESTER),
5515,32.3417507,-106.7757609,7.0,55.0,EL PASO (LAS CRUCES),
7731,33.9148211,-117.5888833,7.0,542.0,LOS ANGELES,
3939,27.177106,-80.2369672,7.0,35.0,WEST PALM BEACH-FT. PIERCE,
12755,43.20973159,-77.4458728,7.0,91.0,"ROCHESTER, NY",
11541,34.06304112,-117.7424471,7.0,112.0,LOS ANGELES,
6889,34.0805595,-118.1088846,7.0,95.0,LOS ANGELES,
4005,26.5464628,-81.8036901,7.0,57.0,FT. MYERS-NAPLES,
13749,29.38739004,-82.44845662,7.0,57.0,GAINESVILLE,
507,42.8072941,-71.2886273,7.0,35.0,BOSTON (MANCHESTER),
4202,34.0450123,-118.0299072,7.0,860.0,LOS ANGELES,
7741,34.2865326,-118.5010851,7.0,122.0,LOS ANGELES,
8203,34.41827569,-117.2837348,7.0,165.0,LOS ANGELES,
5449,36.3470353,-82.243008,7.0,29.0,"TRI-CITIES, TN-VA",
680,26.916614,-82.0464053,7.0,37.0,FT. MYERS-NAPLES,
6212,34.1519178,-117.4711467,7.0,283.0,LOS ANGELES,
554,42.9095925,-77.7332709,7.0,13.0,"ROCHESTER, NY",
12089,34.23518179,-118.4659068,7.0,119.0,LOS ANGELES,
6730,33.896683,-118.394311,7.0,934.0,LOS ANGELES,
813,26.6741667,-80.1131527,7.0,144.0,WEST PALM BEACH-FT. PIERCE,
750,42.5823589,-71.794034,7.0,93.0,BOSTON (MANCHESTER),
742,42.3917893,-71.0364309,7.0,983.0,BOSTON (MANCHESTER),
11392,31.85828595,-102.359009,7.0,87.0,ODESSA-MIDLAND,
444,38.0301063,-78.4805889,7.0,49.0,CHARLOTTESVILLE,
12641,37.74003088,-121.1415922,7.0,24.0,SACRAMNTO-STKTON-MODESTO,
12566,33.887718,-117.225378,7.0,75.0,LOS ANGELES,
2036,42.2973912,-71.0498186,7.0,125.0,BOSTON (MANCHESTER),
12966,36.55933839,-82.2126585,7.0,58.0,"TRI-CITIES, TN-VA",
6795,34.057303,-118.4425047,7.0,132.0,LOS ANGELES,
1307,42.1279606,-71.0101712,7.0,67.0,BOSTON (MANCHESTER),
1716,40.7907799,-76.5570645,7.0,8.0,WILKES BARRE-SCRANTON,
7069,33.4895804,-117.6996735,7.0,343.0,LOS ANGELES,
190,33.6955958,-117.884162,7.0,7868.0,LOS ANGELES,
12335,26.42065414,-81.81207622,7.0,430.0,FT. MYERS-NAPLES,
10140,34.10718729,-117.4529805,7.0,186.0,LOS ANGELES,
11332,33.81653031,-118.0098304,7.0,188.0,LOS ANGELES,
349,34.2597431,-119.2271914,7.0,1789.0,LOS ANGELES,
8137,42.55859084,-71.26809393,7.0,74.0,BOSTON (MANCHESTER),
1165,42.3346189,-71.1237808,7.0,87.0,BOSTON (MANCHESTER),
12325,32.92068,-80.665971,7.0,42.0,"CHARLESTON, SC",
12132,42.55867908,-70.93119418,7.0,719.0,BOSTON (MANCHESTER),
749,42.8936627,-70.87136,7.0,69.0,BOSTON (MANCHESTER),
13864,42.71375743,-71.44319244,7.0,87.0,BOSTON (MANCHESTER),
7630,34.1233659,-117.5373853,7.0,117.0,LOS ANGELES,
10936,38.67016103,-121.1647968,7.0,110.0,SACRAMNTO-STKTON-MODESTO,
13338,33.74459022,-116.2173244,7.0,72.0,LOS ANGELES,
9408,33.33409715,-111.9099141,7.0,32.0,PHOENIX (PRESCOTT),
13397,26.52623267,-80.18794656,7.0,,WEST PALM BEACH-FT. PIERCE,
1343,42.191598,-70.9867762,7.0,277.0,BOSTON (MANCHESTER),
8218,26.34013741,-80.09169874,7.0,6179.0,WEST PALM BEACH-FT. PIERCE,
6600,33.3937176,-111.8729812,7.0,88.0,PHOENIX (PRESCOTT),
1175,42.723234,-71.1579412,7.0,129.0,BOSTON (MANCHESTER),
11000,31.78154336,-106.301809,7.0,218.0,EL PASO (LAS CRUCES),
2802,38.5313784,-82.6815345,7.0,42.0,CHARLESTON-HUNTINGTON,
1056,42.0796847,-71.3849424,7.0,64.0,BOSTON (MANCHESTER),
776,26.629053,-80.0891975,7.0,121.0,WEST PALM BEACH-FT. PIERCE,
8575,42.932799,-72.295199,7.0,28.0,BOSTON (MANCHESTER),
6984,34.1772158,-117.3306376,7.0,158.0,LOS ANGELES,
943,42.1654955,-71.042066,7.0,117.0,BOSTON (MANCHESTER),
12403,42.17158067,-70.95614297,7.0,94.0,BOSTON (MANCHESTER),
11666,39.9799,-82.018201,7.0,82.0,ZANESVILLE,
6772,33.7805937,-118.0713439,7.0,53.0,LOS ANGELES,
6420,33.6278493,-117.9069456,7.0,115.0,LOS ANGELES,
10669,33.56773236,-112.2022983,7.0,57.0,PHOENIX (PRESCOTT),
8593,33.58160227,-111.9296636,7.0,114.0,PHOENIX (PRESCOTT),
6841,34.2348517,-118.4410767,7.0,226.0,LOS ANGELES,
13078,33.78715392,-117.8372688,7.0,38.0,LOS ANGELES,
2113,38.5167908,-82.7232917,7.0,66.0,CHARLESTON-HUNTINGTON,
3344,38.3580445,-81.7381612,7.0,24.0,CHARLESTON-HUNTINGTON,
67,42.4850974,-71.2087651,2.0,651.0,BOSTON (MANCHESTER),
11437,26.5460258,-81.84378207,7.0,57.0,FT. MYERS-NAPLES,
11105,34.12960857,-117.871983,7.0,57.0,LOS ANGELES,
936,43.1929501,-77.6298673,7.0,41.0,"ROCHESTER, NY",
3921,26.4942989,-81.8491592,7.0,94.0,FT. MYERS-NAPLES,
5496,36.6364172,-82.5678642,7.0,9.0,"TRI-CITIES, TN-VA",
6843,34.1683147,-118.6075525,7.0,68.0,LOS ANGELES,
13029,41.875262,-70.92445,7.0,93.0,BOSTON (MANCHESTER),
8221,42.47209576,-71.14943566,7.0,132.0,BOSTON (MANCHESTER),
5720,36.5822345,-82.1693024,7.0,58.0,"TRI-CITIES, TN-VA",
1310,42.3038767,-71.3251568,7.0,17.0,BOSTON (MANCHESTER),
10349,33.96543437,-118.0382091,7.0,72.0,LOS ANGELES,
11322,42.15335276,-71.40596523,7.0,32.0,BOSTON (MANCHESTER),
15330,32.73412552,-79.9694412,7.0,102.0,"CHARLESTON, SC",
9417,27.42516455,-80.35083018,7.0,5.0,WEST PALM BEACH-FT. PIERCE,
7466,26.9358247,-80.1607379,7.0,31.0,WEST PALM BEACH-FT. PIERCE,
6839,37.3196316,-120.4802875,7.0,54.0,FRESNO-VISALIA,
2863,32.8210575,-79.9914377,7.0,100.0,"CHARLESTON, SC",
5709,33.448208,-79.551651,7.0,93.0,"CHARLESTON, SC",
14241,42.04896988,-93.62131211,7.0,52.0,DES MOINES-AMES,
14152,38.41519421,-82.29939904,7.0,80.0,CHARLESTON-HUNTINGTON,
5345,43.2169188,-71.5066451,7.0,70.0,BOSTON (MANCHESTER),
559,42.1680225,-71.0078495,7.0,67.0,BOSTON (MANCHESTER),
4452,29.6660869,-82.3387855,7.0,80.0,GAINESVILLE,
11809,31.323317,-89.372704,7.0,2358.0,HATTIESBURG-LAUREL,
13031,42.07103257,-70.94836727,7.0,182.0,BOSTON (MANCHESTER),
855,41.7659518,-70.5077429,7.0,20.0,BOSTON (MANCHESTER),
6993,33.817565,-116.5286042,7.0,843.0,LOS ANGELES,
549,42.3565966,-71.0564965,7.0,45.0,BOSTON (MANCHESTER),
7005,33.5139003,-117.1038164,7.0,116.0,LOS ANGELES,
2477,29.5010034,-82.8700353,7.0,45.0,GAINESVILLE,
12119,34.18712455,-118.9105792,7.0,93.0,LOS ANGELES,
2663,26.8092611,-80.1055156,7.0,105.0,WEST PALM BEACH-FT. PIERCE,
521,42.5397117,-71.2447299,7.0,74.0,BOSTON (MANCHESTER),
701,32.7619443,-79.9764705,7.0,102.0,"CHARLESTON, SC",
3129,33.7748534,-118.1207487,7.0,67.0,LOS ANGELES,
5275,33.4378137,-79.1301915,7.0,25.0,"CHARLESTON, SC",
11386,33.53763059,-112.0654113,7.0,70.0,PHOENIX (PRESCOTT),
10810,34.17442966,-118.2987925,7.0,31.0,LOS ANGELES,
6937,33.9823299,-118.0510841,7.0,99.0,LOS ANGELES,
847,32.9746679,-80.0624552,7.0,58.0,"CHARLESTON, SC",
1312,42.3621628,-71.0663051,7.0,91.0,BOSTON (MANCHESTER),
14759,33.97504717,-117.5577369,7.0,75.0,LOS ANGELES,
8616,33.450999,-111.682999,7.0,57.0,PHOENIX (PRESCOTT),
256,33.9157363,-117.9660247,7.0,185.0,LOS ANGELES,
1148,42.3439367,-71.8620812,7.0,30.0,BOSTON (MANCHESTER),
11737,33.98812015,-118.3095112,7.0,186.0,LOS ANGELES,
6723,33.86019,-118.1705601,7.0,99.0,LOS ANGELES,
503,42.4552049,-71.065617,7.0,96.0,BOSTON (MANCHESTER),
3334,26.208476,-81.7675081,7.0,41.0,FT. MYERS-NAPLES,
11581,36.34482776,-82.37635875,7.0,67.0,"TRI-CITIES, TN-VA",
13325,42.1182354,-71.32741115,7.0,91.0,BOSTON (MANCHESTER),
9257,26.33010279,-81.80635903,7.0,25.0,FT. MYERS-NAPLES,
8481,30.17652752,-93.23287449,7.0,118.0,LAKE CHARLES,
11912,33.94750695,-116.9763581,7.0,113.0,LOS ANGELES,
2169,42.2870698,-71.0230794,7.0,56.0,BOSTON (MANCHESTER),
